trading_day,n_posts,n_unique_authors,n_guest_posts,n_replies,n_with_quote,n_urls_sum,n_emojis_sum,median_len,mean_len,max_len,share_replies,share_guest,posts_per_author,mean_sentiment,median_sentiment,share_positive,share_negative,cdr_close,cdr_volume,cdr_ret,is_trading_day,excess_ret_vs_wig,rolling_vol_5d,rolling_vol_20d,flag_report_day,flag_report_window_5d,flag_game_event,flag_game_event_window_5d,event_label
2023-01-02,,,,,,,,,,,,,,,,,,129.33999633789062,154161,,True,,,,0,0,0,0,
2023-01-03,,,,,,,,,,,,,,,,,,129.0,442436,-0.0026287022384198,True,,,,0,0,0,0,
2023-01-04,,,,,,,,,,,,,,,,,,127.5,448472,-0.0116279069767442,True,,,,0,0,0,0,
2023-01-05,,,,,,,,,,,,,,,,,,132.55999755859375,553374,0.0396862553615195,True,,0.4349675301922595,,0,0,0,0,
2023-01-09,,,,,,,,,,,,,,,,,,133.74000549316406,506013,0.008901689471205,True,,0.3551655320101997,,0,0,0,0,
2023-01-10,,,,,,,,,,,,,,,,,,138.16000366210938,340647,0.0330491848915861,True,,0.35323713537756884,,0,0,0,0,
2023-01-11,,,,,,,,,,,,,,,,,,135.75999450683594,460254,-0.0173712296732635,True,,0.4069964810983918,,0,0,0,0,
2023-01-12,,,,,,,,,,,,,,,,,,129.94000244140625,845556,-0.0428697134717152,True,,0.5495939499294443,,0,0,0,0,
2023-01-13,,,,,,,,,,,,,,,,,,132.13999938964844,289523,0.0169308673765358,True,,0.47605962066615654,,0,0,0,0,
2023-01-16,,,,,,,,,,,,,,,,,,128.82000732421875,280499,-0.0251248076340597,True,,0.4956369439062335,,0,0,0,0,
2023-01-17,,,,,,,,,,,,,,,,,,129.39999389648438,246420,0.0045023019662302,True,,0.3773559439329299,0.4086866258906231,0,0,0,0,
2023-01-18,,,,,,,,,,,,,,,,,,133.27999877929688,327117,0.0299845831980205,True,,0.4775635787886053,0.4128538611706433,0,0,0,0,
2023-01-19,,,,,,,,,,,,,,,,,,132.5,299002,-0.0058523318310387,True,,0.3356193690864604,0.3957439837917315,0,0,0,0,
2023-01-20,,,,,,,,,,,,,,,,,,132.52000427246094,191743,0.0001509756412145,True,,0.3157186119685529,0.3790139560883013,0,0,0,0,
2023-01-23,,,,,,,,,,,,,,,,,,135.6999969482422,258887,0.0239963218627974,True,,0.24749183059407145,0.3757730877576364,0,0,0,0,
2023-01-24,,,,,,,,,,,,,,,,,,133.9199981689453,225860,-0.0131171615278354,True,,0.3005644818348717,0.3686023746328269,0,0,0,0,
2023-01-25,,,,,,,,,,,,,,,,,,131.52000427246094,131581,-0.0179211016226021,True,,0.25973667873310535,0.3652747623532054,0,0,0,0,
2023-01-26,,,,,,,,,,,,,,,,,,134.66000366210938,142428,0.0238746904474205,True,,0.3156377073748721,0.3642052999803682,0,0,0,0,
2023-01-27,,,,,,,,,,,,,,,,,,133.89999389648438,123915,-0.0056439161217611,True,,0.3220086214227691,0.35468188832942527,0,0,0,0,
2023-01-30,,,,,,,,,,,,,,,,,,132.8000030517578,321847,-0.0082150178854896,True,,0.2601407343488358,0.3467544755237896,0,0,0,0,
2023-01-31,,,,,,,,,,,,,,,,,,139.32000732421875,674466,0.0490964165860734,True,,0.4391837086123396,0.3772473553673586,0,0,0,0,
2023-02-01,,,,,,,,,,,,,,,,,,138.27999877929688,353195,-0.007464890110877,True,,0.40488052060090757,0.37876029669382016,0,0,0,0,
2023-02-02,,,,,,,,,,,,,,,,,,145.77999877929688,574696,0.0542377788993941,True,,0.5120678926763265,0.413832041576836,0,0,0,0,
2023-02-03,,,,,,,,,,,,,,,,,,146.8000030517578,471926,0.0069968739264785,True,,0.4849261804196941,0.3954922166596906,0,0,0,0,
2023-02-06,,,,,,,,,,,,,,,,,,142.55999755859375,263532,-0.0288828706064069,True,,0.5721648009251827,0.4134007419469932,0,0,0,0,
2023-02-07,,,,,,,,,,,,,,,,,,141.27999877929688,324216,-0.0089786672363737,True,,0.49635703907961864,0.40029142578567795,0,0,0,0,
2023-02-08,,,,,,,,,,,,,,,,,,141.6999969482422,185104,0.0029728069972694,True,,0.48770828948345263,0.39409300084279314,0,0,0,0,
2023-02-09,,,,,,,,,,,,,,,,,,141.47999572753906,143707,-0.001552584512641,True,,0.22473027811211976,0.35660443403753944,0,0,0,0,
2023-02-10,,,,,,,,,,,,,,,,,,138.63999938964844,795935,-0.0200734833450225,True,,0.20853161918264235,0.36361751572895884,0,0,0,0,
2023-02-13,,,,,,,,,,,,,,,,,,138.89999389648438,334401,0.0018753210327506,True,,0.15177506610822827,0.34858425841954516,0,0,0,0,
2023-02-14,,,,,,,,,,,,,,,,,,134.24000549316406,286175,-0.0335492340395147,True,,0.25556181352185636,0.37315822147636024,0,0,0,0,
2023-02-15,,,,,,,,,,,,,,,,,,138.39999389648438,126874,0.0309891852882273,True,,0.3884552788475307,0.3741696688231957,0,0,0,0,
2023-02-16,,,,,,,,,,,,,,,,,,139.52000427246094,145150,0.0080925608769482,True,,0.3989011515447373,0.373489153851103,0,0,0,0,
2023-02-17,,,,,,,,,,,,,,,,,,135.82000732421875,201949,-0.0265194727274854,True,,0.418882405098081,0.3877654725750156,0,0,0,0,
2023-02-20,,,,,,,,,,,,,,,,,,136.33999633789062,91629,0.0038285155767263,True,,0.4207813558797256,0.3787580692732626,0,0,0,0,
2023-02-21,,,,,,,,,,,,,,,,,,131.22000122070312,352516,-0.0375531410790025,True,,0.439384791175337,0.39976171625653767,0,0,0,0,
2023-02-22,,,,,,,,,,,,,,,,,,131.94000244140625,187685,0.0054869777016091,True,,0.3356490614657689,0.3950094500960552,0,0,0,0,
2023-02-23,,,,,,,,,,,,,,,,,,134.5,180542,0.0194027399668317,True,,0.3793945249547062,0.3917981769629741,0,0,0,0,
2023-02-24,,,,,,,,,,,,,,,,,,129.52000427246094,170550,-0.0370259905393238,True,,0.4186289186494784,0.41328225442368105,0,0,0,0,
2023-02-27,,,,,,,,,,,,,,,,,,132.1199951171875,133393,0.020074048478698,True,,0.46385688682831,0.41919917868712053,0,0,0,0,
2023-02-28,,,,,,,,,,,,,,,,,,132.39999389648438,207581,0.0021192763370034,True,,0.36929366114580886,0.37741789498906736,0,0,0,0,
2023-03-01,,,,,,,,,,,,,,,,,,132.25999450683594,203936,-0.0010573972515277,True,,0.3683347112369096,0.37693456688120325,0,0,0,0,
2023-03-02,,,,,,,,,,,,,,,,,,130.8000030517578,201939,-0.0110387986973843,True,,0.3326384827019383,0.31379415383117615,0,0,0,0,
2023-03-03,,,,,,,,,,,,,,,,,,130.66000366210938,235163,-0.0010703317001685,True,,0.1801740762448494,0.31092204711895555,0,0,0,0,
2023-03-06,,,,,,,,,,,,,,,,,,132.1999969482422,177401,0.0117862639137473,True,,0.12979701269299615,0.30400637425738725,0,0,0,0,
2023-03-07,,,,,,,,,,,,,,,,,,133.4600067138672,169147,0.0095310877058363,True,,0.14648249748521747,0.30674215818356226,0,0,0,0,
2023-03-08,,,,,,,,,,,,,,,,,,132.25999450683594,174683,-0.008991549128302,True,,0.16527735744068583,0.30676604711022765,0,0,0,0,
2023-03-09,,,,,,,,,,,,,,,,,,132.17999267578125,134126,-0.000604883066516,True,,0.13503368470653576,0.3068545336014609,0,0,0,0,
2023-03-10,,,,,,,,,,,,,,,,,,128.6999969482422,187719,-0.0263277040427366,True,,0.24611220012450014,0.31216889321016483,0,0,0,0,
2023-03-13,,,,,,,,,,,,,,,,,,127.08000183105467,412405,-0.0125873749463956,True,,0.21294201144074115,0.3130689329906758,0,0,0,0,
2023-03-14,,,,,,,,,,,,,,,,,,130.0,412439,0.0229776371330816,True,,0.2895063632883639,0.30715011063963926,0,0,0,0,
2023-03-15,,,,,,,,,,,,,,,,,,129.36000061035156,257203,-0.0049230722280648,True,,0.2875008455013464,0.2823356955195394,0,0,0,0,
2023-03-16,,,,,,,,,,,,,,,,,,135.39999389648438,365862,0.0466913517133169,True,,0.4662374543655192,0.3317657950597252,0,0,0,0,
2023-03-17,,,,,,,,,,,,,,,,,,131.0,530350,-0.0324962636250061,True,,0.4937341292632138,0.3384059147379081,0,0,0,0,
2023-03-20,,,,,,,,,,,,,,,,,,130.72000122070312,192225,-0.0021373952618082,True,,0.4769963903360144,0.33780126254158016,0,0,0,0,
2023-03-21,,,,,,,,,,,,,,,,,,116.45999908447266,1283726,-0.1090881426183156,True,,0.907982069239021,0.4962512867383939,0,0,0,0,
2023-03-22,,,,,,,,,,,,,,,,,,112.77999877929688,793652,-0.0315988350859125,True,,0.8990589084796261,0.5028139255330644,0,0,0,0,
2023-03-23,,,,,,,,,,,,,,,,,,110.0,885634,-0.0246497500388979,True,,0.6433223350958209,0.49603310382013444,0,0,0,0,
2023-03-24,,,,,,,,,,,,,,,,,,110.5999984741211,635854,0.005454531582919,True,,0.72270735560669,0.48763979002978847,0,0,0,0,
2023-03-27,,,,,,,,,,,,,,,,,,114.05999755859376,355488,0.0312838981212304,True,,0.8402717995427322,0.49753847216502356,0,1,0,0,
2023-03-28,,,,,,,,,,,,,,,,,,109.0,593245,-0.0443625957119135,True,,0.48713178292235987,0.5135420063988548,0,1,0,0,
2023-03-29,,,,,,,,,,,,,,,,,,110.18000030517578,470410,0.0108256908731723,True,,0.4768482973288177,0.5177439672385096,0,1,0,0,
2023-03-30,,,,,,,,,,,,,,,,,,113.27999877929688,751779,0.0281357638912211,True,,0.48207862689091013,0.5336909761358724,1,1,0,0,Raport roczny 2022
2023-03-31,,,,,,,,,,,,,,,,,,111.22000122070312,1575543,-0.0181850068925869,True,,0.5128216938785023,0.5347923873318154,0,1,0,0,
2023-04-03,,,,,,,,,,,,,,,,,,108.05999755859376,603616,-0.0284121887019108,True,,0.4678294653686746,0.5346375231436602,0,1,0,0,
2023-04-04,,,,,,,,,,,,,,,,,,108.44000244140624,292127,0.0035166101369421,True,,0.35987695198653635,0.5322227782185591,0,1,0,0,
2023-04-05,,,,,,,,,,,,,,,,,,107.83999633789062,202352,-0.0055330698082548,True,,0.3449447600355769,0.5324317557607572,0,0,0,0,
2023-04-06,,,,,,,,,,,,,,,,,,106.1999969482422,246748,-0.0152077099901773,True,,0.1940280290775541,0.531681941214953,0,0,0,0,
2023-04-11,,,,,,,,,,,,,,,,,,105.63999938964844,444063,-0.0052730468426159,True,,0.1929519876038094,0.528523557769148,0,0,0,0,
2023-04-12,,,,,,,,,,,,,,,,,,108.83999633789062,400404,0.030291527515436,True,,0.2758109808992106,0.5465710179611837,0,0,0,0,
2023-04-13,,,,,,,,,,,,,,,,,,110.0,285617,0.0106578803853334,True,,0.2835552239176094,0.5392695804670741,0,0,0,0,
2023-04-14,,,,,,,,,,,,,,,,,,110.73999786376952,281607,0.0067272533069957,True,,0.27352783746453885,0.5416601015691505,0,0,0,0,
2023-04-17,,,,,,,,,,,,,,,,,,110.94000244140624,330665,0.0018060735190077,True,,0.21247401892601847,0.5046321542098968,0,0,0,0,
2023-04-18,,,,,,,,,,,,,,,,,,109.6999969482422,345370,-0.0111772621766343,True,,0.23958864099977967,0.4973187675491805,0,0,0,0,
2023-04-19,,,,,,,,,,,,,,,,,,109.1999969482422,232674,-0.0045578852680908,True,,0.13871470048914344,0.4969920770340414,0,0,0,0,
2023-04-20,,,,,,,,,,,,,,,,,,109.6500015258789,220145,0.0041209211557946,True,,0.11483178048833005,0.32606763863058874,0,0,0,0,
2023-04-21,,,,,,,,,,,,,,,,,,110.8000030517578,216507,0.0104879298666265,True,,0.13182860163641688,0.31063624154895664,0,0,0,0,
2023-04-24,,,,,,,,,,,,,,,,,,110.3000030517578,143665,-0.00451263525477,True,,0.13439262607725197,0.2980142326171471,0,0,0,0,
2023-04-25,,,,,,,,,,,,,,,,,,111.0,171653,0.0063463003524462,True,,0.10653187467915025,0.29823536458133804,0,0,0,0,
2023-04-26,,,,,,,,,,,,,,,,,,111.9499969482422,220623,0.0085585310652449,True,,0.09251449193785871,0.27713403901560324,0,0,0,0,
2023-04-27,,,,,,,,,,,,,,,,,,114.0,234982,0.0183117740745057,True,,0.130905651078967,0.2320610078954223,0,0,0,0,
2023-04-28,,,,,,,,,,,,,,,,,,113.3000030517578,277618,-0.0061403241073876,True,,0.1597516812770097,0.23165293989020977,0,0,0,0,
2023-05-02,,,,,,,,,,,,,,,,,,111.75,307006,-0.0136805208297279,True,,0.20045550162021794,0.21482105533586748,0,0,0,0,
2023-05-04,,,,,,,,,,,,,,,,,,112.0,261551,0.0022371364653244,True,,0.19782502511080804,0.20462877519366357,0,0,0,0,
2023-05-05,,,,,,,,,,,,,,,,,,112.9000015258789,170891,0.008035727909633,True,,0.19674116448195922,0.17529270272782085,0,0,0,0,
2023-05-08,,,,,,,,,,,,,,,,,,111.8000030517578,186574,-0.0097431218711626,True,,0.140858201380201,0.18027099113930525,0,0,0,0,
2023-05-09,,,,,,,,,,,,,,,,,,111.8499984741211,99142,0.0004471862343342,True,,0.14189414930390465,0.17837780354609453,0,0,0,0,
2023-05-10,,,,,,,,,,,,,,,,,,113.0,229192,0.0102816409617116,True,,0.1242547035756074,0.1686614968085483,0,0,0,0,
2023-05-11,,,,,,,,,,,,,,,,,,116.6999969482422,563326,0.0327433358251521,True,,0.2495733559250448,0.19532370835475268,0,0,0,0,
2023-05-12,,,,,,,,,,,,,,,,,,114.8499984741211,340639,-0.0158526008783153,True,,0.3033192395498318,0.18465801870873394,0,0,0,0,
2023-05-15,,,,,,,,,,,,,,,,,,114.4000015258789,217803,-0.0039181275944342,True,,0.289719905874834,0.18362978334591032,0,0,0,0,
2023-05-16,,,,,,,,,,,,,,,,,,111.1999969482422,432667,-0.0279720676132406,True,,0.37418742813210604,0.21110104945345748,0,0,0,0,
2023-05-17,,,,,,,,,,,,,,,,,,109.1500015258789,328266,-0.0184352111386967,True,,0.37544980125046545,0.22116185175226186,0,0,0,0,
2023-05-18,,,,,,,,,,,,,,,,,,109.5,168867,0.0032065824024574,True,,0.19541647439983886,0.2180133861803332,0,0,0,0,
2023-05-19,,,,,,,,,,,,,,,,,,113.6999969482422,472566,0.0383561365136273,True,,0.4050149573485679,0.25602286503300475,0,0,0,0,
2023-05-22,,,,,,,,,,,,,,,,,,118.0500030517578,467731,0.0382586299056437,True,,0.4921220145571894,0.2863944747936893,0,0,0,0,
2023-05-23,,,,,,,,,,,,,,,,,,121.0,576203,0.0249893847690014,True,,0.3902497079525157,0.2953380722403275,0,0,0,0,
2023-05-24,,,,,,,,,,,,,,,,,,114.3499984741211,537854,-0.0549586902965198,True,,0.6195676176996271,0.3625615839164907,0,1,0,0,
2023-05-25,,,,,,,,,,,,,,,,,,114.1999969482422,218615,-0.0013117754952384,True,,0.6234931530422911,0.36237800544485166,0,1,0,0,
2023-05-26,,,,,,,,,,,,,,,,,,118.9000015258789,379637,0.0411559080843659,True,,0.6320373727334182,0.3881523969936123,0,1,0,0,
2023-05-29,,,,,,,,,,,,,,,,,,125.0,822101,0.0513036029927502,True,,0.6746178447727239,0.42132408757294715,1,1,0,0,Raport kwartalny Q1 2023
2023-05-30,,,,,,,,,,,,,,,,,,123.4499969482422,592288,-0.0124000244140625,True,,0.6822633719185923,0.42408635848495724,0,1,0,0,
2023-05-31,,,,,,,,,,,,,,,,,,121.1999969482422,571198,-0.0182260028806913,True,,0.5070508634107683,0.4269873829108302,0,1,0,0,
2023-06-01,,,,,,,,,,,,,,,,,,124.0,228307,0.0231023359922486,True,,0.4958538842652992,0.43197355594583264,0,1,0,0,
2023-06-02,,,,,,,,,,,,,,,,,,128.4499969482422,474348,0.0358870721632433,True,,0.4808588419068676,0.44528972305168746,0,1,0,0,
2023-06-05,,,,,,,,,,,,,,,,,,130.6999969482422,479019,0.0175165438182658,True,,0.3717299541194785,0.4423239811963296,0,0,0,0,
2023-06-06,,,,,,,,,,,,,,,,,,132.60000610351562,721822,0.0145371782680747,True,,0.3186270294700117,0.4418722090563573,0,0,0,0,
2023-06-07,,,,,,,,,,,,,,,,,,131.0,301968,-0.0120664104816599,True,,0.27926193859233334,0.44803203380468265,0,0,0,0,
2023-06-09,,,,,,,,,,,,,,,,,,129.35000610351562,533344,-0.0125953732556058,True,,0.33067670111222197,0.4434293710063632,0,0,0,0,
2023-06-12,,,,,,,,,,,,,,,,,,141.39999389648438,1584134,0.0931579994153648,True,,0.6864121142823281,0.5334150805802056,0,0,0,0,
2023-06-13,,,,,,,,,,,,,,,,,,140.3000030517578,440282,-0.0077792849519628,True,,0.7153163683025892,0.5350190023704238,0,0,0,0,
2023-06-14,,,,,,,,,,,,,,,,,,159.0,1352766,0.1332857914574927,True,,1.1021317322171036,0.6694064121438942,0,0,0,0,
2023-06-15,,,,,,,,,,,,,,,,,,168.25,1428362,0.0581761006289307,True,,1.0065622803705192,0.6680479222382113,0,0,0,0,
2023-06-16,,,,,,,,,,,,,,,,,,170.0,1616168,0.0104011887072807,True,,0.9220583903671855,0.6657505850600328,0,0,0,0,
2023-06-19,,,,,,,,,,,,,,,,,,165.8000030517578,587152,-0.0247058644014246,True,,1.0099626484707687,0.6838932957538132,0,0,0,0,
2023-06-20,,,,,,,,,,,,,,,,,,156.0500030517578,805024,-0.0588057890261699,True,,1.1912449573627029,0.7342457959680613,0,0,0,0,
2023-06-21,,,,,,,,,,,,,,,,,,154.8000030517578,580036,-0.0080102529673479,True,,0.6883030386476722,0.7376467642486992,0,0,0,0,
2023-06-22,,,,,,,,,,,,,,,,,,155.60000610351562,320138,0.005167978268646,True,,0.442909701714846,0.6933060706688514,0,0,0,0,
2023-06-23,,,,,,,,,,,,,,,,,,152.0,345374,-0.0231362851047747,True,,0.3804122231947028,0.7049273159371806,0,0,0,0,
2023-06-26,,,,,,,,,,,,,,,,,,152.10000610351562,426203,0.00065793489155,True,,0.41007750334763665,0.6998641139190447,0,0,0,0,
2023-06-27,,,,,,,,,,,,,,,,,,147.3000030517578,449026,-0.0315582042021158,True,,0.24790075040100837,0.7019482419504833,0,0,0,0,
2023-06-28,,,,,,,,,,,,,,,,,,150.85000610351562,455125,0.0241004954393002,True,,0.3564252256548631,0.6990507480277763,0,0,0,0,
2023-06-29,,,,,,,,,,,,,,,,,,154.64999389648438,353347,0.0251905047346245,True,,0.41566756765458096,0.6919647916067694,0,0,0,0,
2023-06-30,,,,,,,,,,,,,,,,,,154.85000610351562,216562,0.0012933217906567,True,,0.36682900189917533,0.6921249292526365,0,0,0,0,
2023-07-03,,,,,,,,,,,,,,,,,,155.0,270689,0.0009686399132855,True,,0.36666063052357273,0.6872463747593291,0,0,0,0,
2023-07-04,,,,,,,,,,,,,,,,,,151.6999969482422,205865,-0.0212903422694052,True,,0.3061887445845696,0.6955886939733052,0,0,0,0,
2023-07-05,,,,,,,,,,,,,,,,,,143.35000610351562,493622,-0.0550427884818973,True,,0.4790246737604297,0.7303589901999982,0,0,0,0,
2023-07-06,,,,,,,,,,,,,,,,,,144.8000030517578,280648,0.0101150811754771,True,,0.41773163550846626,0.7277761630864394,0,0,0,0,
2023-07-07,,,,,,,,,,,,,,,,,,145.0,194668,0.001381194364828,True,,0.4179187142359878,0.724729530281025,0,0,0,0,
2023-07-10,,,,,,,,,,,,,,,,,,145.5,133594,0.0034482758620688,True,,0.42339048062865253,0.6487239496350512,0,0,0,0,
2023-07-11,,,,,,,,,,,,,,,,,,144.5500030517578,127768,-0.0065291886477126,True,,0.4165076307180173,0.6484842108596606,0,0,0,0,
2023-07-12,,,,,,,,,,,,,,,,,,150.5,302756,0.0411622056217579,True,,0.2928710743468079,0.4552647366418162,0,0,0,0,
2023-07-13,,,,,,,,,,,,,,,,,,154.0500030517578,386534,0.0235880601445701,True,,0.30864367420929845,0.40841982701680385,0,0,0,0,
2023-07-14,,,,,,,,,,,,,,,,,,154.1999969482422,179123,0.0009736701948261,True,,0.3095898426952123,0.4053457218622209,0,0,0,0,
2023-07-17,,,,,,,,,,,,,,,,,,159.5,283203,0.034370967293448,True,,0.32963568421586775,0.42035276980267755,0,0,0,0,
2023-07-18,,,,,,,,,,,,,,,,,,159.4499969482422,159922,-0.0003134987571022,True,,0.30139287752163824,0.3619976047886623,0,0,0,0,
2023-07-19,,,,,,,,,,,,,,,,,,160.0,232119,0.0034493763705516,True,,0.2485010692826838,0.3603590104735107,0,0,0,0,
2023-07-20,,,,,,,,,,,,,,,,,,160.1999969482422,167285,0.0012499809265136,True,,0.23547946270521494,0.36015605045064353,0,0,0,0,
2023-07-21,,,,,,,,,,,,,,,,,,159.75,251656,-0.0028089697678806,True,,0.24391569593128276,0.3486038061807358,0,0,0,0,
2023-07-24,,,,,,,,,,,,,,,,,,158.25,200447,-0.0093896713615023,True,,0.07833681855404681,0.35120695101228977,0,0,0,0,
2023-07-25,,,,,,,,,,,,,,,,,,157.75,183936,-0.0031595576619273,True,,0.07808318217689589,0.32873095598115604,0,0,0,0,
2023-07-26,,,,,,,,,,,,,,,,,,157.85000610351562,184105,0.0006339531126189,True,,0.06720573294118178,0.31978900739096633,0,0,0,0,
2023-07-27,,,,,,,,,,,,,,,,,,164.3000030517578,541173,0.0408615565336905,True,,0.3213829245158168,0.33883094330759,0,0,0,0,
2023-07-28,,,,,,,,,,,,,,,,,,164.39999389648438,243327,0.0006085869925094,True,,0.3168833468462468,0.338892050127983,0,0,0,0,
2023-07-31,,,,,,,,,,,,,,,,,,163.35000610351562,304425,-0.0063867872989695,True,,0.3083509756296205,0.34054013598966015,0,0,0,0,
2023-08-01,,,,,,,,,,,,,,,,,,160.8000030517578,202070,-0.0156106700733262,True,,0.3436077253514687,0.3357642440433966,0,0,0,0,
2023-08-02,,,,,,,,,,,,,,,,,,159.3000030517578,246522,-0.0093283580319161,True,,0.3568197813573877,0.2617761094498283,0,0,0,0,
2023-08-03,,,,,,,,,,,,,,,,,,162.6999969482422,264370,0.0213433385521009,True,,0.22587545614045573,0.2674227214272367,0,0,0,0,
2023-08-04,,,,,,,,,,,,,,,,,,163.10000610351562,208629,0.0024585689168801,True,,0.22753258894761463,0.2672043942786096,0,0,0,0,
2023-08-07,,,,,,,,,,,,,,,,,,162.4499969482422,110863,-0.0039853410849101,True,,0.22491003727234926,0.2694508189579588,0,0,0,0,
2023-08-08,,,,,,,,,,,,,,,,,,159.85000610351562,142971,-0.0160048685353619,True,,0.22653219991095153,0.27712586137893785,0,0,0,0,
2023-08-09,,,,,,,,,,,,,,,,,,155.3000030517578,175248,-0.0284642031781426,True,,0.29933899527496366,0.2672736215696821,0,0,0,0,
2023-08-10,,,,,,,,,,,,,,,,,,159.5,144452,0.0270444099530533,True,,0.3318363515722235,0.27127865352452635,0,0,0,0,
2023-08-11,,,,,,,,,,,,,,,,,,157.25,122062,-0.0141065830721003,True,,0.333020525113039,0.2771622766792606,0,0,0,0,
2023-08-14,,,,,,,,,,,,,,,,,,157.25,80213,0.0,True,,0.3365544108778274,0.24777180660778084,0,0,0,0,
2023-08-16,,,,,,,,,,,,,,,,,,150.0500030517578,301650,-0.0457869440269773,True,,0.44087042751769406,0.2951363981461363,0,0,0,0,
2023-08-17,,,,,,,,,,,,,,,,,,149.39999389648438,183961,-0.0043319502969235,True,,0.4176775395685936,0.2942179690850674,0,0,0,0,
2023-08-18,,,,,,,,,,,,,,,,,,154.0,209938,0.0307898680819416,True,,0.43753162562683773,0.3179489839629654,0,0,0,0,
2023-08-21,,,,,,,,,,,,,,,,,,155.60000610351562,239465,0.0103896500228286,True,,0.44584399304705646,0.3208218843073268,0,0,0,0,
2023-08-22,,,,,,,,,,,,,,,,,,157.10000610351562,205533,0.0096401024496239,True,,0.45346693969177404,0.3214276492528483,0,0,0,0,
2023-08-23,,,,,,,,,,,,,,,,,,159.8000030517578,238256,0.0171864853172769,True,,0.2026960568352866,0.3269832388828161,0,0,0,0,
2023-08-24,,,,,,,,,,,,,,,,,,154.9499969482422,225661,-0.0303504756626615,True,,0.36215365958588785,0.3452390846385743,0,0,0,0,
2023-08-25,,,,,,,,,,,,,,,,,,156.10000610351562,160789,0.0074218081827879,True,,0.30032405746053975,0.31050214223722544,0,1,0,0,
2023-08-28,,,,,,,,,,,,,,,,,,154.85000610351562,128854,-0.0080076870667837,True,,0.2996548816804693,0.310910579261685,0,1,0,0,
2023-08-29,,,,,,,,,,,,,,,,,,155.9499969482422,128467,0.0071035892887936,True,,0.2945736524250469,0.3125324584886754,0,1,0,0,
2023-08-30,,,,,,,,,,,,,,,,,,153.5500030517578,145445,-0.0153895090955398,True,,0.25349286206419136,0.31240689521193166,1,1,0,0,Raport półroczny H1 2023
2023-08-31,,,,,,,,,,,,,,,,,,147.5500030517578,580779,-0.0390752190215036,True,,0.30469066788357263,0.3382843463478302,0,1,0,0,
2023-09-01,,,,,,,,,,,,,,,,,,150.4499969482422,232537,0.0196543126838641,True,,0.35580510157112777,0.33668146999159965,0,1,0,0,
2023-09-04,,,,,,,,,,,,,,,,,,156.3000030517578,454896,0.038883391307267,True,,0.48198138573785715,0.3687996861802023,0,1,0,0,
2023-09-05,,,,,,,,,,,,,,,,,,153.5500030517578,255934,-0.0175943694581334,True,,0.49789528309003317,0.37297537177264384,0,0,0,0,
2023-09-06,,,,,,,,,,,,,,,,,,151.0,224520,-0.0166069879588232,True,,0.4999203562038202,0.3732694720833458,0,0,0,0,
2023-09-07,,,,,,,,,,,,,,,,,,147.85000610351562,261125,-0.0208608867316846,True,,0.4286355854684735,0.3672029149681709,0,0,0,0,
2023-09-08,,,,,,,,,,,,,,,,,,154.10000610351562,270852,0.0422725718091896,True,,0.5133656368686133,0.38674670487746576,0,0,0,0,
2023-09-11,,,,,,,,,,,,,,,,,,156.25,245177,0.0139519390741629,True,,0.43487802437444273,0.38738093530333095,0,0,0,0,
2023-09-12,,,,,,,,,,,,,,,,,,156.6999969482422,196776,0.00287998046875,True,,0.4052868827134177,0.3875193031056075,0,0,0,0,
2023-09-13,,,,,,,,,,,,,,,,,,155.89999389648438,199607,-0.0051053163199616,True,,0.37494875492879604,0.3485639719367915,0,0,0,0,
2023-09-14,,,,,,,,,,,,,,,,,,155.64999389648438,210628,-0.0016035921089644,True,,0.30426689966141607,0.34802593895844386,0,0,0,0,
2023-09-15,,,,,,,,,,,,,,,,,,154.25,937817,-0.0089945001694985,True,,0.1402521932882891,0.3331318255841671,0,0,0,0,
2023-09-18,,,,,,,,,,,,,,,,,,153.3000030517578,208026,-0.0061588132787175,True,,0.07261479796429385,0.33165313118940926,0,0,0,1,
2023-09-19,,,,,,,,,,,,,,,,,,148.39999389648438,384652,-0.0319635294046215,True,,0.19274501128087426,0.34723274100948276,0,0,0,1,
2023-09-20,,,,,,,,,,,,,,,,,,153.0,248489,0.0309973469859057,True,,0.3585921570979623,0.36087288510968474,0,0,0,1,
2023-09-21,,,,,,,,,,,,,,,,,,148.60000610351562,430891,-0.0287581300423815,True,,0.39888665720803596,0.3592500785066874,0,0,1,1,Cyberpunk 2077 update 2.0
2023-09-22,,,,,,,,,,,,,,,,,,148.6999969482422,220422,0.0006728858722717,True,,0.40471935094448697,0.35773602255659487,0,0,0,1,
2023-09-25,,,,,,,,,,,,,,,,,,149.39999389648438,394342,0.0047074442677079,True,,0.4134707248615374,0.3578383649998701,0,0,0,1,
2023-09-26,,,,,,,,,,,,,,,,,,141.10000610351562,715132,-0.0555554761181557,True,,0.5287258970849561,0.4039005902911861,0,0,1,1,Phantom Liberty premiera
2023-09-27,,,,,,,,,,,,,,,,,,135.0,548711,-0.043231791918141,True,,0.4215108459086615,0.4252186984708889,0,0,0,1,
2023-09-28,,,,,,,,,,,,,,,,,,123.6999969482422,1150766,-0.0837037263093171,True,,0.59981108443642,0.4949481987188482,0,0,0,1,
2023-09-29,,,,,,,,,,,,,,,,,,125.1999969482422,529601,0.0121261118593851,True,,0.6468953408710192,0.49000437767912475,0,0,0,1,
2023-10-02,,,,,,,,,,,,,,,,,,120.8000030517578,366472,-0.0351437220745567,True,,0.555442147635,0.4644882731951053,0,0,0,0,
2023-10-03,,,,,,,,,,,,,,,,,,129.10000610351562,719961,0.0687086327986399,True,,0.9276123035576653,0.5455894293260336,0,0,0,0,
2023-10-04,,,,,,,,,,,,,,,,,,126.5500030517578,449997,-0.0197521528365626,True,,0.8991232696740029,0.5463559555473927,0,0,0,0,
2023-10-05,,,,,,,,,,,,,,,,,,118.75,613004,-0.0616357397365504,True,,0.7952026757987452,0.577165235903114,0,0,0,0,
2023-10-06,,,,,,,,,,,,,,,,,,107.5999984741211,1251997,-0.0938947496916118,True,,0.9703113673064999,0.6139856406613399,0,0,0,0,
2023-10-09,,,,,,,,,,,,,,,,,,109.5500030517578,504617,0.0181227193800166,True,,1.019247221037529,0.6169521777035282,0,0,0,0,
2023-10-10,,,,,,,,,,,,,,,,,,112.3000030517578,482899,0.0251026921350312,True,,0.8124000084189221,0.6312618153104247,0,0,0,0,
2023-10-11,,,,,,,,,,,,,,,,,,109.6999969482422,410227,-0.0231523244244019,True,,0.8110015235850739,0.6304743315484569,0,0,0,0,
2023-10-12,,,,,,,,,,,,,,,,,,105.5500030517578,496068,-0.0378303920869058,True,,0.7633284202575794,0.6321151234052975,0,0,0,0,
2023-10-13,,,,,,,,,,,,,,,,,,105.9000015258789,397778,0.0033159494457757,True,,0.427067912246917,0.6360599273648367,0,0,0,0,
2023-10-16,,,,,,,,,,,,,,,,,,101.6500015258789,563294,-0.0401321996106055,True,,0.4463216867603215,0.6392009584456838,0,0,0,0,
2023-10-17,,,,,,,,,,,,,,,,,,105.3499984741211,451954,0.0363993791706949,True,,0.5119184577157646,0.6670479177005733,0,0,0,0,
2023-10-18,,,,,,,,,,,,,,,,,,104.4000015258789,486756,-0.0090175316753853,True,,0.5027588498105704,0.6442846830736032,0,0,0,0,
2023-10-19,,,,,,,,,,,,,,,,,,105.1500015258789,201897,0.0071839079409792,True,,0.44038637564980737,0.6490372353177049,0,0,0,0,
2023-10-20,,,,,,,,,,,,,,,,,,104.5999984741211,232999,-0.005230651866633,True,,0.43996141437113806,0.6473213779067194,0,0,0,0,
2023-10-23,,,,,,,,,,,,,,,,,,103.4499969482422,258683,-0.0109942786104669,True,,0.31135854445699995,0.6428404963321891,0,0,0,0,
2023-10-24,,,,,,,,,,,,,,,,,,103.6500015258789,236356,0.0019333454184322,True,,0.12112874810408292,0.6298608371501149,0,0,0,0,
2023-10-25,,,,,,,,,,,,,,,,,,105.5999984741211,406034,0.0188132843177557,True,,0.18274924470163262,0.6308803178655367,0,0,0,0,
2023-10-26,,,,,,,,,,,,,,,,,,106.5500030517578,336988,0.0089962556000371,True,,0.18619535142577512,0.573225434201625,0,0,0,0,
2023-10-27,,,,,,,,,,,,,,,,,,106.6999969482422,255269,0.001407732446629,True,,0.17393462496829654,0.569783045542144,0,0,0,0,
2023-10-30,,,,,,,,,,,,,,,,,,105.0,226759,-0.0159324929415585,True,,0.20206787635176954,0.5613681055153767,0,0,0,0,
2023-10-31,,,,,,,,,,,,,,,,,,105.0,214824,0.0,True,,0.2032000954661461,0.48760913649227333,0,0,0,0,
2023-11-02,,,,,,,,,,,,,,,,,,108.3499984741211,494546,0.0319047473725817,True,,0.2767280446215687,0.5077087862383051,0,0,0,0,
2023-11-03,,,,,,,,,,,,,,,,,,110.0,339613,0.0152284406932687,True,,0.2854082933542286,0.47040968367161307,0,0,0,0,
2023-11-06,,,,,,,,,,,,,,,,,,109.5999984741211,243416,-0.00363637750799,True,,0.29324125977374954,0.32747637519538053,0,0,0,0,
2023-11-07,,,,,,,,,,,,,,,,,,109.5,210184,-0.0009123948495738,True,,0.23827466091550953,0.32128347634090926,0,0,0,0,
2023-11-08,,,,,,,,,,,,,,,,,,108.25,125942,-0.0114155251141552,True,,0.2749417425011823,0.30963901571320795,0,0,0,0,
2023-11-09,,,,,,,,,,,,,,,,,,110.0,190796,0.0161662817551964,True,,0.1927959451115348,0.30484846750324907,0,0,0,0,
2023-11-10,,,,,,,,,,,,,,,,,,109.1999969482422,204035,-0.0072727550159801,True,,0.16811478408777472,0.27162521630506575,0,0,0,0,
2023-11-13,,,,,,,,,,,,,,,,,,107.6999969482422,194102,-0.0137362641201442,True,,0.19034636558875356,0.2770858292042581,0,0,0,0,
2023-11-14,,,,,,,,,,,,,,,,,,114.0999984741211,555080,0.059424342685493,True,,0.48875900595032773,0.30507282315473094,0,0,0,0,
2023-11-15,,,,,,,,,,,,,,,,,,114.0,424386,-0.0008764108278561,True,,0.4667549129947432,0.2836973890548742,0,0,0,0,
2023-11-16,,,,,,,,,,,,,,,,,,112.5999984741211,309444,-0.0122807151392886,True,,0.4890803695287189,0.28592652947818553,0,0,0,0,
2023-11-17,,,,,,,,,,,,,,,,,,113.1500015258789,164063,0.0048845742381091,True,,0.4772525158174816,0.2856967805220787,0,0,0,0,
2023-11-20,,,,,,,,,,,,,,,,,,113.8499984741211,342438,0.0061864510720495,True,,0.44103092794727394,0.28376568323976403,0,0,0,0,
2023-11-21,,,,,,,,,,,,,,,,,,113.1999969482422,186647,-0.0057092800578882,True,,0.12145751572615063,0.280566448408695,0,0,0,0,
2023-11-22,,,,,,,,,,,,,,,,,,113.8499984741211,211039,0.0057420631042606,True,,0.13239695310467411,0.2804014436482874,0,0,0,0,
2023-11-23,,,,,,,,,,,,,,,,,,110.4000015258789,221118,-0.0303030039040922,True,,0.24749073499980914,0.30137643380516604,0,1,0,0,
2023-11-24,,,,,,,,,,,,,,,,,,111.9499969482422,132684,0.0140398134143135,True,,0.274845860330355,0.3033672014627614,0,1,0,0,
2023-11-27,,,,,,,,,,,,,,,,,,109.5999984741211,199037,-0.0209915010110055,True,,0.291039154523034,0.31478377111943234,0,1,0,0,
2023-11-28,,,,,,,,,,,,,,,,,,107.9499969482422,384126,-0.0150547586573963,True,,0.2950635328428579,0.31415291560992126,1,1,0,0,Raport kwartalny Q3 2023
2023-11-29,,,,,,,,,,,,,,,,,,104.1999969482422,1146698,-0.0347383057527826,True,,0.30472903152088465,0.3396222313022544,0,1,0,0,
2023-11-30,,,,,,,,,,,,,,,,,,108.8499984741211,693059,0.0446257357204016,True,,0.5040773251711983,0.3580568895499693,0,1,0,1,
2023-12-01,,,,,,,,,,,,,,,,,,111.0,414055,0.0197519665229031,True,,0.5172889095840166,0.3608789829043043,0,1,0,1,
2023-12-04,,,,,,,,,,,,,,,,,,106.6999969482422,668543,-0.0387387662320524,True,,0.5723084689591217,0.3870295893351067,0,0,0,1,
2023-12-05,,,,,,,,,,,,,,,,,,107.75,486950,0.0098407036718768,True,,0.5715797211795044,0.38896150642727384,0,0,1,1,Cyberpunk 2.1 patch
2023-12-06,,,,,,,,,,,,,,,,,,108.5,238782,0.0069605568445476,True,,0.48066893291796364,0.387603088807607,0,0,0,1,
2023-12-07,,,,,,,,,,,,,,,,,,108.25,261477,-0.0023041474654378,True,,0.3582682146771117,0.3831553985230353,0,0,0,1,
2023-12-08,,,,,,,,,,,,,,,,,,112.1500015258789,381749,0.0360277277217451,True,,0.4290160834192598,0.4033417505097064,0,0,0,1,
2023-12-11,,,,,,,,,,,,,,,,,,113.8499984741211,415342,0.015158242756242,True,,0.22666577858365794,0.40177199296816435,0,0,0,0,
2023-12-12,,,,,,,,,,,,,,,,,,113.3000030517578,173024,-0.0048308777315293,True,,0.2613792850408389,0.34265183323295617,0,0,0,0,
2023-12-13,,,,,,,,,,,,,,,,,,112.8499984741211,230773,-0.0039717966947551,True,,0.28072794772815035,0.3429172655890885,0,0,0,0,
2023-12-14,,,,,,,,,,,,,,,,,,114.0,281546,0.0101905320463306,True,,0.265385441398757,0.34176668711843056,0,0,0,0,
2023-12-15,,,,,,,,,,,,,,,,,,114.4000015258789,755118,0.0035087853147273,True,,0.13852809540614205,0.34158549487410844,0,0,0,0,
2023-12-18,,,,,,,,,,,,,,,,,,115.3000030517578,450394,0.0078671461003023,True,,0.10783576447753557,0.3419908532159994,0,0,0,0,
2023-12-19,,,,,,,,,,,,,,,,,,116.5,424431,0.0104076055202142,True,,0.09568209875408394,0.34267316209676235,0,0,0,0,
2023-12-20,,,,,,,,,,,,,,,,,,116.0,260047,-0.0042918454935622,True,,0.09770485442921027,0.3429384776092696,0,0,0,0,
2023-12-21,,,,,,,,,,,,,,,,,,116.0,320409,0.0,True,,0.09383093101570765,0.3223167229426267,0,0,0,0,
2023-12-22,,,,,,,,,,,,,,,,,,116.5,303527,0.0043103448275862,True,,0.0940089389901554,0.31960467890210736,0,0,0,0,
2023-12-27,,,,,,,,,,,,,,,,,,115.0,357764,-0.0128755364806867,True,,0.13972650375399073,0.31302909337551726,0,0,0,0,
2023-12-28,,,,,,,,,,,,,,,,,,115.6999969482422,268861,0.0060869299847146,True,,0.12054760334402499,0.3061412365228393,0,0,0,0,
2023-12-29,,,,,,,,,,,,,,,,,,115.0,164252,-0.0060501034287436,True,,0.12384822089816075,0.27364170911160784,0,0,0,0,
2024-01-02,,,,,,,,,,,,,,,,,,111.9000015258789,399398,-0.0269565084706182,True,,0.21486823396399737,0.2536915296367913,0,0,0,0,
2024-01-03,,,,,,,,,,,,,,,,,,111.6500015258789,390528,-0.0022341375924126,True,,0.1972827217407009,0.24455675735819776,0,0,0,0,
2024-01-04,,,,,,,,,,,,,,,,,,112.25,211875,0.0053739226683486,True,,0.21313877319582897,0.1962714135902139,0,0,0,0,
2024-01-05,,,,,,,,,,,,,,,,,,111.0999984741211,509914,-0.0102450024577185,True,,0.1912031296045177,0.19938331489478595,0,0,0,0,
2024-01-08,,,,,,,,,,,,,,,,,,110.25,133249,-0.0076507514473016,True,,0.1904993337596852,0.2009193179228361,0,0,0,0,
2024-01-09,,,,,,,,,,,,,,,,,,111.4499969482422,225119,0.0108843260611535,True,,0.1403873658638217,0.2035868528090789,0,0,0,0,
2024-01-10,,,,,,,,,,,,,,,,,,111.1999969482422,199370,-0.0022431584284035,True,,0.14039328990889985,0.1577538205650559,0,0,0,0,
2024-01-11,,,,,,,,,,,,,,,,,,107.5999984741211,385541,-0.0323740878859619,True,,0.24954891101570278,0.18375152296443356,0,0,0,0,
2024-01-12,,,,,,,,,,,,,,,,,,108.0,230382,0.0037174863527076,True,,0.26215201175804564,0.18497182666160572,0,0,0,0,
2024-01-15,,,,,,,,,,,,,,,,,,106.6500015258789,259067,-0.0124999858714915,True,,0.26683823901199855,0.18842238960342064,0,0,0,0,
2024-01-16,,,,,,,,,,,,,,,,,,105.0,315846,-0.0154711814559002,True,,0.22016158565346872,0.18705377495419967,0,0,0,0,
2024-01-17,,,,,,,,,,,,,,,,,,100.0,651055,-0.0476190476190476,True,,0.3126514772013483,0.24019295616344255,0,0,0,0,
2024-01-18,,,,,,,,,,,,,,,,,,99.9000015258789,594224,-0.0009999847412109,True,,0.3190651691959375,0.23512145231117207,0,0,0,0,
2024-01-19,,,,,,,,,,,,,,,,,,99.1999969482422,506057,-0.0070070527221701,True,,0.28789148012795046,0.2259314928404335,0,0,0,0,
2024-01-22,,,,,,,,,,,,,,,,,,101.5500030517578,248633,0.0236895783851862,True,,0.4100364374064107,0.25217823656066435,0,0,0,0,
2024-01-23,,,,,,,,,,,,,,,,,,103.75,466631,0.0216641741223868,True,,0.45782895697270953,0.2706428878116666,0,0,0,0,
2024-01-24,,,,,,,,,,,,,,,,,,105.5,304587,0.0168674698795181,True,,0.2212924748629263,0.2801377197551781,0,0,0,0,
2024-01-25,,,,,,,,,,,,,,,,,,106.3499984741211,478910,0.0080568575746076,True,,0.19897213357025123,0.2819794561419287,0,0,0,0,
2024-01-26,,,,,,,,,,,,,,,,,,105.1500015258789,232329,-0.011283469350817,True,,0.2260656058447782,0.28068023861102914,0,0,0,0,
2024-01-29,,,,,,,,,,,,,,,,,,105.0,185957,-0.0014265480142859,True,,0.21276612958557825,0.28084735169105585,0,0,0,0,
2024-01-30,,,,,,,,,,,,,,,,,,103.8000030517578,316217,-0.0114285423642113,True,,0.19591746074488603,0.26947596564596765,0,0,0,0,
2024-01-31,,,,,,,,,,,,,,,,,,104.75,274878,0.0091521861301726,True,,0.15855350198856477,0.273252387259182,0,0,0,0,
2024-02-01,,,,,,,,,,,,,,,,,,104.8000030517578,202703,0.0004773561026998,True,,0.13790081883501623,0.2718010757815979,0,0,0,0,
2024-02-02,,,,,,,,,,,,,,,,,,104.1999969482422,225095,-0.0057252489126292,True,,0.12125882908647417,0.2707378886528529,0,0,0,0,
2024-02-05,,,,,,,,,,,,,,,,,,108.9499969482422,491632,0.0455854140030291,True,,0.35811707140519405,0.3201984428296198,0,0,0,0,
2024-02-06,,,,,,,,,,,,,,,,,,108.3499984741211,240257,-0.0055070995036936,True,,0.3403067435842997,0.31781485821155453,0,0,0,0,
2024-02-07,,,,,,,,,,,,,,,,,,108.3000030517578,278601,-0.0004614252244333,True,,0.3464619786746365,0.3178016158240667,0,0,0,0,
2024-02-08,,,,,,,,,,,,,,,,,,110.0,493498,0.0156971089597268,True,,0.3456070239735402,0.30045475640490954,0,0,0,0,
2024-02-09,,,,,,,,,,,,,,,,,,111.1999969482422,212739,0.0109090631658381,True,,0.3171803684188943,0.3023092292455782,0,0,0,0,
2024-02-12,,,,,,,,,,,,,,,,,,113.3499984741211,304140,0.0193345466266481,True,,0.16841524580620879,0.30368591573761644,0,0,0,0,
2024-02-13,,,,,,,,,,,,,,,,,,109.3000030517578,320700,-0.0357299997960558,True,,0.35470446996400745,0.32778607411803184,0,0,0,0,
2024-02-14,,,,,,,,,,,,,,,,,,110.3000030517578,203121,0.0091491305771187,True,,0.3571420573005051,0.27020415030229433,0,0,0,0,
2024-02-15,,,,,,,,,,,,,,,,,,113.75,524823,0.0312783032891059,True,,0.4037347060388921,0.28453004939679155,0,0,0,0,
2024-02-16,,,,,,,,,,,,,,,,,,114.5,334885,0.0065934065934065,True,,0.40225409097919035,0.2799208508767524,0,0,0,0,
2024-02-19,,,,,,,,,,,,,,,,,,114.0999984741211,329348,-0.0034934631081127,True,,0.3873989159847147,0.27546369732915965,0,0,0,0,
2024-02-20,,,,,,,,,,,,,,,,,,114.75,468422,0.0056967706798551,True,,0.20476976646928055,0.26916890598657134,0,0,0,0,
2024-02-21,,,,,,,,,,,,,,,,,,113.5,494349,-0.0108932461873638,True,,0.25284986759753425,0.2712210794461926,0,0,0,0,
2024-02-22,,,,,,,,,,,,,,,,,,115.4499969482422,264746,0.017180589852354,True,,0.16957887046133485,0.2750276321390303,0,0,0,0,
2024-02-23,,,,,,,,,,,,,,,,,,114.8499984741211,222237,-0.0051970419227476,True,,0.174499157266783,0.27128993306624904,0,0,0,0,
2024-02-26,,,,,,,,,,,,,,,,,,113.9000015258789,160782,-0.008271632223454,True,,0.18466308061502923,0.27436386484678454,0,0,0,0,
2024-02-27,,,,,,,,,,,,,,,,,,115.3000030517578,211441,0.0122914969896714,True,,0.20315691973172695,0.26929601911527,0,0,0,0,
2024-02-28,,,,,,,,,,,,,,,,,,111.0999984741211,278646,-0.0364267516606339,True,,0.33535892517343036,0.3068607818024255,0,0,0,0,
2024-02-29,,,,,,,,,,,,,,,,,,109.6999969482422,363039,-0.0126012740333656,True,,0.27815493558595256,0.31182863456284843,0,0,0,0,
2024-03-01,,,,,,,,,,,,,,,,,,110.3499984741211,147171,0.00592526475808,True,,0.3006548968859515,0.310506868890735,0,0,0,0,
2024-03-04,,,,,,,,,,,,,,,,,,105.9000015258789,329817,-0.040326207610105,True,,0.3794957948762172,0.3041129178594851,0,0,0,0,
2024-03-05,,,,,,,,,,,,,,,,,,105.4000015258789,173831,-0.0047214352483064,True,,0.3189951980609396,0.30397955421529466,0,0,0,0,
2024-03-06,,,,,,,,,,,,,,,,,,107.0,151204,0.0151802509578544,True,,0.33728676973257016,0.3095062895256177,0,0,0,0,
2024-03-07,,,,,,,,,,,,,,,,,,107.75,268902,0.0070093457943924,True,,0.3465073512168361,0.30500919500762275,0,0,0,0,
2024-03-08,,,,,,,,,,,,,,,,,,110.6999969482422,425118,0.027378161932642,True,,0.41040618043738164,0.3187282627549895,0,0,0,0,
2024-03-11,,,,,,,,,,,,,,,,,,117.0999984741211,921374,0.0578139268501627,True,,0.37950130108352614,0.3741817691234524,0,0,0,0,
2024-03-12,,,,,,,,,,,,,,,,,,117.6500015258789,863119,0.0046968664297579,True,,0.34427238749238315,0.3467850726895795,0,0,0,0,
2024-03-13,,,,,,,,,,,,,,,,,,116.5,340744,-0.0097747684739804,True,,0.41552487002678534,0.3494906930641739,0,0,0,0,
2024-03-14,,,,,,,,,,,,,,,,,,117.8499984741211,458565,0.011587969734945,True,,0.4095226519753193,0.33502464056419606,0,0,0,0,
2024-03-15,,,,,,,,,,,,,,,,,,116.1500015258789,963575,-0.0144250909652365,True,,0.45626722535120146,0.33946586510251847,0,0,0,0,
2024-03-18,,,,,,,,,,,,,,,,,,112.5,557815,-0.0314248943429041,True,,0.267753718297228,0.3582536467994357,0,0,0,0,
2024-03-19,,,,,,,,,,,,,,,,,,111.0999984741211,282810,-0.0124444580078124,True,,0.24364561246365068,0.3598988471409694,0,0,0,0,
2024-03-20,,,,,,,,,,,,,,,,,,112.9000015258789,234726,0.0162016478531012,True,,0.31361066873704296,0.36322745107909216,0,0,0,0,
2024-03-21,,,,,,,,,,,,,,,,,,114.3000030517578,308211,0.0124003676435557,True,,0.31653687340726927,0.3606124838949408,0,0,0,0,
2024-03-22,,,,,,,,,,,,,,,,,,114.9000015258789,273887,0.0052493303420946,True,,0.3141121897344519,0.36062070506106814,0,0,0,0,
2024-03-25,,,,,,,,,,,,,,,,,,115.3000030517578,243560,0.0034813013104164,True,,0.17514510461385027,0.3593411595975334,0,1,0,0,
2024-03-26,,,,,,,,,,,,,,,,,,113.0,522706,-0.0199479877786763,True,,0.22357349097512982,0.3639239508932345,0,1,0,0,
2024-03-27,,,,,,,,,,,,,,,,,,115.4000015258789,315277,0.0212389515564503,True,,0.2435987637341316,0.34609171098196245,0,1,0,0,
2024-03-28,,,,,,,,,,,,,,,,,,116.9000015258789,558605,0.012998266725877,True,,0.24485654388158296,0.34356478154205633,1,1,0,0,Raport roczny 2023
2024-04-02,,,,,,,,,,,,,,,,,,115.6500015258789,1692229,-0.0106928997748839,True,,0.26733458443033414,0.3469947661765138,0,1,0,0,
2024-04-03,,,,,,,,,,,,,,,,,,114.0,436705,-0.0142671984791084,True,,0.28761872485290363,0.315130090525417,0,0,0,0,
2024-04-04,,,,,,,,,,,,,,,,,,116.9000015258789,354939,0.0254386098761307,True,,0.2909873016355587,0.3223186878384968,0,0,0,0,
2024-04-05,,,,,,,,,,,,,,,,,,116.0500030517578,372071,-0.0072711587940649,True,,0.27255386728472863,0.32312057221619783,0,0,0,0,
2024-04-08,,,,,,,,,,,,,,,,,,117.0,193074,0.0081861001573475,True,,0.26138855593873794,0.323280219804291,0,0,0,0,
2024-04-09,,,,,,,,,,,,,,,,,,117.0999984741211,373870,0.0008546878130009,True,,0.24306590534613579,0.31169201460988155,0,0,0,0,
2024-04-10,,,,,,,,,,,,,,,,,,115.0,306001,-0.0179333774678501,True,,0.2598934709319571,0.24351346978121285,0,0,0,0,
2024-04-11,,,,,,,,,,,,,,,,,,118.6999969482422,539574,0.0321738865064538,True,,0.2997417089172952,0.26983802763965564,0,0,0,0,
2024-04-12,,,,,,,,,,,,,,,,,,118.5,235661,-0.0016848942997815,True,,0.2899071187011839,0.26723545870657445,0,0,0,0,
2024-04-15,,,,,,,,,,,,,,,,,,115.5,317370,-0.0253164556962025,True,,0.3525522337908747,0.2796363261041309,0,0,0,0,
2024-04-16,,,,,,,,,,,,,,,,,,111.5500030517578,445099,-0.0341991077769886,True,,0.414645246052266,0.30039795441281847,0,0,0,0,
2024-04-17,,,,,,,,,,,,,,,,,,112.4499969482422,326580,0.0080680759467732,True,,0.42192622450960693,0.28090248023802994,0,0,0,0,
2024-04-18,,,,,,,,,,,,,,,,,,112.6999969482422,338970,0.0022232103760311,True,,0.29325210625487663,0.2769942302349588,0,0,0,0,
2024-04-19,,,,,,,,,,,,,,,,,,113.1999969482422,195122,0.0044365573517239,True,,0.3073094689909197,0.2714442720334505,0,0,0,0,
2024-04-22,,,,,,,,,,,,,,,,,,116.25,285597,0.0269434905828871,True,,0.35265741572398107,0.28465035070043243,0,0,0,0,
2024-04-23,,,,,,,,,,,,,,,,,,115.75,364389,-0.0043010752688171,True,,0.18696626413144724,0.28477762774998866,0,0,0,0,
2024-04-24,,,,,,,,,,,,,,,,,,116.1500015258789,276867,0.0034557367246557,True,,0.18890038934959094,0.284774118073278,0,0,0,0,
2024-04-25,,,,,,,,,,,,,,,,,,114.5999984741211,201047,-0.0133448388411123,True,,0.23746354777813727,0.2793931504706259,0,0,0,0,
2024-04-26,,,,,,,,,,,,,,,,,,116.1500015258789,176839,0.0135253322198589,True,,0.24838645991139752,0.2732003583571172,0,0,0,0,
2024-04-29,,,,,,,,,,,,,,,,,,117.8499984741211,222908,0.0146362197667593,True,,0.18893995171779557,0.2742568352644775,0,0,0,0,
2024-04-30,,,,,,,,,,,,,,,,,,118.5,244947,0.0055154988060661,True,,0.17826651918858774,0.27146748615335603,0,0,0,0,
2024-05-02,,,,,,,,,,,,,,,,,,119.5500030517578,528880,0.0088607852469013,True,,0.17990207404236047,0.26617466894804936,0,0,0,0,
2024-05-06,,,,,,,,,,,,,,,,,,124.0999984741211,695889,0.0380593501147248,True,,0.20320309975399467,0.28377962387186495,0,0,0,0,
2024-05-07,,,,,,,,,,,,,,,,,,128.5,654081,0.0354552907331136,True,,0.24158240307891152,0.30286640645961344,0,0,0,0,
2024-05-08,,,,,,,,,,,,,,,,,,131.8000030517578,901842,0.025680957601228,True,,0.23736544655482691,0.31134041281872166,0,0,0,0,
2024-05-09,,,,,,,,,,,,,,,,,,131.5,248695,-0.0022761991260349,True,,0.27620143592049035,0.3122444522832209,0,0,0,0,
2024-05-10,,,,,,,,,,,,,,,,,,131.75,311155,0.0019011406844107,True,,0.29918277648436786,0.29976971028583393,0,0,0,0,
2024-05-13,,,,,,,,,,,,,,,,,,140.85000610351562,946280,0.0690702550551469,True,,0.4576736493011834,0.36285292698691013,0,0,0,0,
2024-05-14,,,,,,,,,,,,,,,,,,143.0500030517578,867007,0.0156194309755679,True,,0.45340884908415774,0.36139470184369504,0,0,0,0,
2024-05-15,,,,,,,,,,,,,,,,,,139.64999389648438,585313,-0.0237679768104811,True,,0.553061994118625,0.3594412306175626,0,0,0,0,
2024-05-16,,,,,,,,,,,,,,,,,,142.89999389648438,482213,0.0232724678986313,True,,0.5408016865111335,0.32213646959043446,0,0,0,0,
2024-05-17,,,,,,,,,,,,,,,,,,141.10000610351562,214075,-0.0125961362480718,True,,0.5753604729970652,0.33416270199370013,0,0,0,0,
2024-05-20,,,,,,,,,,,,,,,,,,142.64999389648438,281552,0.010985029949833,True,,0.31682525194917266,0.33233773610912853,0,0,0,0,
2024-05-21,,,,,,,,,,,,,,,,,,142.5,378599,-0.00105148196917,True,,0.2953862582724454,0.3345701218147135,0,0,0,0,
2024-05-22,,,,,,,,,,,,,,,,,,145.0,620697,0.0175438596491228,True,,0.229864347743464,0.3305603220417758,0,0,0,0,
2024-05-23,,,,,,,,,,,,,,,,,,142.14999389648438,444037,-0.0196552145070043,True,,0.2472037964772883,0.3443830360019029,0,1,0,0,
2024-05-24,,,,,,,,,,,,,,,,,,139.39999389648438,375094,-0.0193457623501734,True,,0.27075123326768397,0.3597750295037228,0,1,0,0,
2024-05-27,,,,,,,,,,,,,,,,,,139.75,202270,0.0025108042958419,True,,0.2504704055860273,0.3507671397225166,0,1,0,0,
2024-05-28,,,,,,,,,,,,,,,,,,139.1999969482422,431776,-0.0039356211217016,True,,0.249165263642462,0.3540305368661775,1,1,0,0,Raport kwartalny Q1 2024
2024-05-29,,,,,,,,,,,,,,,,,,130.3000030517578,1269988,-0.0639367391638205,True,,0.41181868113069153,0.4382403982842418,0,1,0,0,
2024-05-31,,,,,,,,,,,,,,,,,,130.3000030517578,926449,0.0,True,,0.43826957821528933,0.43865748530781906,0,1,0,0,
2024-06-03,,,,,,,,,,,,,,,,,,134.25,523314,0.0303146343494187,True,,0.548935545841259,0.44760336788503385,0,0,0,0,
2024-06-04,,,,,,,,,,,,,,,,,,132.39999389648438,458703,-0.0137803061714385,True,,0.5432904449747008,0.43633549775695385,0,0,0,0,
2024-06-05,,,,,,,,,,,,,,,,,,133.1999969482422,321197,0.0060423194005831,True,,0.5551062942665472,0.42004223616645403,0,0,0,0,
2024-06-06,,,,,,,,,,,,,,,,,,132.5,225198,-0.0052552324645637,True,,0.26479929418515863,0.41129993438066076,0,0,0,0,
2024-06-07,,,,,,,,,,,,,,,,,,134.85000610351562,374299,0.0177358951208725,True,,0.2796978326205744,0.4155670283172554,0,0,0,0,
2024-06-10,,,,,,,,,,,,,,,,,,134.0,231884,-0.0063033449391401,True,,0.19568686292793785,0.41650329098162725,0,0,0,0,
2024-06-11,,,,,,,,,,,,,,,,,,134.4499969482422,386672,0.0033581861809117,True,,0.15496254451219835,0.3309557449933768,0,0,0,0,
2024-06-12,,,,,,,,,,,,,,,,,,135.0,378973,0.0040907628430035,True,,0.15325033320515807,0.325244201291864,0,0,0,0,
2024-06-13,,,,,,,,,,,,,,,,,,132.9499969482422,243228,-0.0151852077907985,True,,0.19606204711573413,0.3192379227448364,0,0,0,0,
2024-06-14,,,,,,,,,,,,,,,,,,133.8000030517578,326457,0.0063934270253991,True,,0.14364402487731973,0.3067098638495841,0,0,0,0,
2024-06-17,,,,,,,,,,,,,,,,,,136.0500030517578,313802,0.0168161431142093,True,,0.1834821526881434,0.3123536966354621,0,0,0,0,
2024-06-18,,,,,,,,,,,,,,,,,,136.1999969482422,430326,0.0011024909453865,True,,0.1839762091606606,0.30901076122856547,0,0,0,0,
2024-06-19,,,,,,,,,,,,,,,,,,138.1999969482422,274191,0.0146842881410638,True,,0.20355595327799622,0.31473248162781614,0,0,0,0,
2024-06-20,,,,,,,,,,,,,,,,,,137.1999969482422,292176,-0.007235890174256,True,,0.15697214297843512,0.307214231100211,0,0,0,0,
2024-06-21,,,,,,,,,,,,,,,,,,135.9499969482422,646749,-0.009110787374664,True,,0.19150636939929364,0.3016708072152596,0,0,0,0,
2024-06-24,,,,,,,,,,,,,,,,,,143.14999389648438,535196,0.0529606260379933,True,,0.40533411912932554,0.3517256684484486,0,0,0,0,
2024-06-25,,,,,,,,,,,,,,,,,,143.8000030517578,370858,0.0045407557316661,True,,0.40103486100109365,0.35187197371202755,0,0,0,0,
2024-06-26,,,,,,,,,,,,,,,,,,141.39999389648438,288938,-0.0166899103222522,True,,0.44332663431251007,0.35743295464983793,0,0,0,0,
2024-06-27,,,,,,,,,,,,,,,,,,138.5,438876,-0.0205091514969045,True,,0.4750816896909234,0.27692002622896955,0,0,0,0,
2024-06-28,,,,,,,,,,,,,,,,,,138.9499969482422,284590,0.0032490754385716,True,,0.46446485347768635,0.2766623358754046,0,0,0,0,
2024-07-01,,,,,,,,,,,,,,,,,,138.3000030517578,219249,-0.0046778978824051,True,,0.1809710637689127,0.2587497305097609,0,0,0,0,
2024-07-02,,,,,,,,,,,,,,,,,,138.85000610351562,213920,0.0039768838728946,True,,0.1787724146982929,0.2523380070251107,0,0,0,0,
2024-07-03,,,,,,,,,,,,,,,,,,142.75,235771,0.0280878194097942,True,,0.27919459552765685,0.26808600104184627,0,0,0,0,
2024-07-04,,,,,,,,,,,,,,,,,,142.0,139965,-0.0052539404553415,True,,0.21532290011199387,0.2680854349594012,0,0,0,0,
2024-07-05,,,,,,,,,,,,,,,,,,145.0,352760,0.0211267605633802,True,,0.24157026745399135,0.2707139129059353,0,0,0,0,
2024-07-08,,,,,,,,,,,,,,,,,,146.3000030517578,219658,0.0089655382879849,True,,0.21171414871240374,0.2685947979775023,0,0,0,0,
2024-07-09,,,,,,,,,,,,,,,,,,147.39999389648438,296137,0.0075187342568776,True,,0.2053072055309344,0.2687590946584961,0,0,0,0,
2024-07-10,,,,,,,,,,,,,,,,,,147.64999389648438,418633,0.0016960651991313,True,,0.15509346843165173,0.2689704598258877,0,0,0,0,
2024-07-11,,,,,,,,,,,,,,,,,,150.0,291454,0.0159160596048733,True,,0.12025146915609325,0.26113465499583766,0,0,0,0,
2024-07-12,,,,,,,,,,,,,,,,,,158.5500030517578,773133,0.057000020345052,True,,0.3533995519975249,0.31741083444088275,0,0,0,0,
2024-07-15,,,,,,,,,,,,,,,,,,163.8000030517578,582917,0.0331125821441085,True,,0.3551389685029874,0.3280256303401776,0,0,0,0,
2024-07-16,,,,,,,,,,,,,,,,,,160.5,577198,-0.02014653840217,True,,0.4677957946083006,0.34356407920850013,0,0,0,0,
2024-07-17,,,,,,,,,,,,,,,,,,159.8000030517578,550084,-0.0043613517024435,True,,0.48244817481759245,0.3456334165527291,0,0,0,0,
2024-07-18,,,,,,,,,,,,,,,,,,161.8000030517578,294915,0.0125156443166789,True,,0.4832238485815696,0.3415450488978476,0,0,0,0,
2024-07-19,,,,,,,,,,,,,,,,,,157.5,355432,-0.0265760381375412,True,,0.38708431636305723,0.3586828934943115,0,0,0,0,
2024-07-22,,,,,,,,,,,,,,,,,,157.5,305767,0.0,True,,0.24978136457374137,0.3167034767881125,0,0,0,0,
2024-07-23,,,,,,,,,,,,,,,,,,157.3000030517578,215293,-0.0012698218936011,True,,0.22534106122850106,0.3174797105405833,0,0,0,0,
2024-07-24,,,,,,,,,,,,,,,,,,156.1999969482422,247530,-0.0069930456590879,True,,0.22642422916415778,0.31061275810143646,0,0,0,0,
2024-07-25,,,,,,,,,,,,,,,,,,157.25,337436,0.0067221707571847,True,,0.2014059005218253,0.2954239641020738,0,0,0,0,
2024-07-26,,,,,,,,,,,,,,,,,,155.4499969482422,151590,-0.0114467602655504,True,,0.11026677795614047,0.3021186374068363,0,0,0,0,
2024-07-29,,,,,,,,,,,,,,,,,,158.6999969482422,299421,0.0209070444760581,True,,0.2025620127001909,0.30399896792644493,0,0,0,0,
2024-07-30,,,,,,,,,,,,,,,,,,155.5500030517578,319134,-0.0198487331887706,True,,0.25516402043728886,0.31863120950898455,0,0,0,0,
2024-07-31,,,,,,,,,,,,,,,,,,159.0500030517578,237815,0.0225008031586821,True,,0.30147262958369414,0.31405162648987756,0,0,0,0,
2024-08-01,,,,,,,,,,,,,,,,,,160.10000610351562,332120,0.0066017166401193,True,,0.3013994441541816,0.3114236272112902,0,0,0,0,
2024-08-02,,,,,,,,,,,,,,,,,,157.39999389648438,336898,-0.0168645353160418,True,,0.32045278286337386,0.31642539845596757,0,0,0,0,
2024-08-05,,,,,,,,,,,,,,,,,,151.4499969482422,1097279,-0.0378017609845351,True,,0.3760589741149674,0.34913102949877206,0,0,0,0,
2024-08-06,,,,,,,,,,,,,,,,,,150.4499969482422,810641,-0.0066028393539139,True,,0.36372319941597103,0.3497464168237994,0,0,0,0,
2024-08-07,,,,,,,,,,,,,,,,,,156.8000030517578,431601,0.0422067546182813,True,,0.47297791424189645,0.3787831808343046,0,0,0,0,
2024-08-08,,,,,,,,,,,,,,,,,,163.6999969482422,746881,0.0440050622588747,True,,0.5805823926097623,0.40352715443847637,0,0,0,0,
2024-08-09,,,,,,,,,,,,,,,,,,164.0500030517578,490669,0.0021380947467353,True,,0.5504106257092148,0.3530182687844105,0,0,0,0,
2024-08-12,,,,,,,,,,,,,,,,,,170.4499969482422,548717,0.0390124582592368,True,,0.3865225593563297,0.36047062092709686,0,0,0,0,
2024-08-13,,,,,,,,,,,,,,,,,,171.8000030517578,451904,0.0079202471556838,True,,0.32210507067703187,0.3510006656618147,0,0,0,0,
2024-08-14,,,,,,,,,,,,,,,,,,174.3000030517578,677825,0.0145518041652585,True,,0.29917564860682666,0.3517032949226575,0,0,0,0,
2024-08-16,,,,,,,,,,,,,,,,,,179.85000610351562,599636,0.031841669274726,True,,0.2500216170524352,0.3639607611433508,0,0,0,0,
2024-08-19,,,,,,,,,,,,,,,,,,179.85000610351562,328555,0.0,True,,0.25943943670473,0.34455590688781723,0,0,0,0,
2024-08-20,,,,,,,,,,,,,,,,,,175.3000030517578,392563,-0.0252988762710354,True,,0.33299009266464175,0.362490830285052,0,0,0,0,
2024-08-21,,,,,,,,,,,,,,,,,,179.60000610351562,243304,0.0245293951905307,True,,0.35946749089895236,0.36752565557335565,0,0,0,0,
2024-08-22,,,,,,,,,,,,,,,,,,185.0,405828,0.0300667801390384,True,,0.3898179953632547,0.3724495437360727,0,0,0,0,
2024-08-23,,,,,,,,,,,,,,,,,,181.4499969482422,270648,-0.0191892056851773,True,,0.39634854876659364,0.3854567660218935,0,1,0,0,
2024-08-26,,,,,,,,,,,,,,,,,,180.1999969482422,149185,-0.0068889502398644,True,,0.4015455361115248,0.38282192573018864,0,1,0,0,
2024-08-27,,,,,,,,,,,,,,,,,,179.39999389648438,258011,-0.0044395286642961,True,,0.3390926810455079,0.38178599522511286,0,1,0,0,
2024-08-28,,,,,,,,,,,,,,,,,,180.0,274034,0.0033445157409639,True,,0.2915161275745167,0.36929098510763375,1,1,0,0,Raport polroczny H1 2024
2024-08-29,,,,,,,,,,,,,,,,,,181.1000061035156,493346,0.0061111450195312,True,,0.15779028737336437,0.36506747065564193,0,1,0,0,
2024-08-30,,,,,,,,,,,,,,,,,,183.1000061035156,527822,0.0110436219359197,True,,0.1179529844030893,0.3653819285298414,0,1,0,0,
2024-09-02,,,,,,,,,,,,,,,,,,181.3999938964844,233328,-0.009284610324208,True,,0.12975076215210626,0.35976751685403224,0,1,0,0,
2024-09-03,,,,,,,,,,,,,,,,,,176.35000610351562,330569,-0.0278389634117105,True,,0.2480226025569252,0.3445972369204778,0,0,0,0,
2024-09-04,,,,,,,,,,,,,,,,,,177.35000610351562,286690,0.0056705413404578,True,,0.25247287031157645,0.3404940103142269,0,0,0,0,
2024-09-05,,,,,,,,,,,,,,,,,,174.64999389648438,180996,-0.0152242013764313,True,,0.25013735950144544,0.3257407893762189,0,0,0,0,
2024-09-06,,,,,,,,,,,,,,,,,,170.75,339256,-0.0223303408690407,True,,0.2056619339606013,0.3065604684316405,0,0,0,0,
2024-09-09,,,,,,,,,,,,,,,,,,166.1999969482422,589594,-0.0266471628214219,True,,0.2181943552793714,0.3233157884423945,0,0,0,0,
2024-09-10,,,,,,,,,,,,,,,,,,162.1999969482422,655917,-0.0240673891302517,True,,0.20809866101491595,0.3013450954844532,0,0,0,0,
2024-09-11,,,,,,,,,,,,,,,,,,164.6999969482422,262773,0.0154130705735939,True,,0.2744607434225817,0.3058576360860338,0,0,0,0,
2024-09-12,,,,,,,,,,,,,,,,,,167.75,349982,0.0185185373908434,True,,0.36046702872649716,0.309000985590255,0,0,0,0,
2024-09-13,,,,,,,,,,,,,,,,,,170.0,339283,0.0134128166915052,True,,0.35915013488474423,0.2886999277502336,0,0,0,0,
2024-09-16,,,,,,,,,,,,,,,,,,172.89999389648438,248018,0.0170587876263785,True,,0.28675886418052704,0.2970112033679214,0,0,0,0,
2024-09-17,,,,,,,,,,,,,,,,,,176.39999389648438,232807,0.0202429156943491,True,,0.042140089870315596,0.29319482486211734,0,0,0,0,
2024-09-18,,,,,,,,,,,,,,,,,,176.35000610351562,216791,-0.0002833775209657,True,,0.13111766483014725,0.2790848528771698,0,0,0,0,
2024-09-19,,,,,,,,,,,,,,,,,,177.8000030517578,287095,0.0082222676385452,True,,0.12806384899525194,0.25697261920557285,0,0,0,0,
2024-09-20,,,,,,,,,,,,,,,,,,175.6999969482422,897195,-0.0118110577473067,True,,0.20765564015627525,0.25165216428037007,0,0,0,0,
2024-09-23,,,,,,,,,,,,,,,,,,167.60000610351562,528469,-0.0461012577428369,True,,0.4020286135222268,0.2971860939430437,0,0,0,0,
2024-09-24,,,,,,,,,,,,,,,,,,171.5500030517578,288599,0.0235680000262203,True,,0.41612066167326295,0.31219824895486864,0,0,0,0,
2024-09-25,,,,,,,,,,,,,,,,,,172.10000610351562,296240,0.0032060801047719,True,,0.4194847335737779,0.31216691325079926,0,0,0,0,
2024-09-26,,,,,,,,,,,,,,,,,,171.85000610351562,295868,-0.0014526437602194,True,,0.4062938890713231,0.3106933887409067,0,0,0,0,
2024-09-27,,,,,,,,,,,,,,,,,,174.25,161866,0.013965631720948,True,,0.4258777180031017,0.31254220812759886,0,0,0,0,
2024-09-30,,,,,,,,,,,,,,,,,,174.14999389648438,341530,-0.0005739231191714,True,,0.17087536010279503,0.31148361711516276,0,0,0,0,
2024-10-01,,,,,,,,,,,,,,,,,,171.60000610351562,261610,-0.0146424799445268,True,,0.1630732078068093,0.3001993664389986,0,0,0,0,
2024-10-02,,,,,,,,,,,,,,,,,,169.6999969482422,252354,-0.0110723140308472,True,,0.17686414745120224,0.3010042523253169,0,0,0,0,
2024-10-03,,,,,,,,,,,,,,,,,,167.8000030517578,268261,-0.0111961928736148,True,,0.18565202320420232,0.29899532703181975,0,0,0,0,
2024-10-04,,,,,,,,,,,,,,,,,,170.5,402929,0.0160905655490921,True,,0.1992306367748739,0.29513240896773046,0,0,0,0,
2024-10-07,,,,,,,,,,,,,,,,,,168.75,184464,-0.0102639296187683,True,,0.19975409107743822,0.28082803459746075,0,0,0,0,
2024-10-08,,,,,,,,,,,,,,,,,,170.85000610351562,250904,0.0124444806134258,True,,0.21937207165179906,0.2673364311317376,0,0,0,0,
2024-10-09,,,,,,,,,,,,,,,,,,171.60000610351562,268502,0.0043898154709201,True,,0.20039905020691337,0.2632362901498151,0,0,0,0,
2024-10-10,,,,,,,,,,,,,,,,,,168.5500030517578,245708,-0.0177739099258419,True,,0.23134411717620829,0.26488874501542514,0,0,0,0,
2024-10-11,,,,,,,,,,,,,,,,,,161.14999389648438,803224,-0.0439039396101409,True,,0.3473929111541349,0.30287236947481383,0,0,0,0,
2024-10-14,,,,,,,,,,,,,,,,,,160.75,283855,-0.0024821216980083,True,,0.3528125343665593,0.29395173633532673,0,0,0,0,
2024-10-15,,,,,,,,,,,,,,,,,,165.0,309317,0.0264385692068429,True,,0.41590742586285107,0.3013116003486743,0,0,0,0,
2024-10-16,,,,,,,,,,,,,,,,,,164.9499969482422,216380,-0.0003030487985321,True,,0.4093304821150005,0.3013091162111794,0,0,0,0,
2024-10-17,,,,,,,,,,,,,,,,,,159.5,220489,-0.0330402973572183,True,,0.44593560803250687,0.3158777137777639,0,0,0,0,
2024-10-18,,,,,,,,,,,,,,,,,,160.4499969482422,332890,0.0059560937193867,True,,0.3395468661656384,0.3172578331279579,0,0,0,0,
2024-10-21,,,,,,,,,,,,,,,,,,156.39999389648438,237582,-0.0252415277581106,True,,0.3828172522870719,0.2881420607369561,0,0,0,0,
2024-10-22,,,,,,,,,,,,,,,,,,158.60000610351562,392406,0.0140665747627033,True,,0.32385772659490153,0.27819599107065907,0,0,0,0,
2024-10-23,,,,,,,,,,,,,,,,,,161.10000610351562,254997,0.0157629249923754,True,,0.36454324278939093,0.2858376383434606,0,0,0,0,
2024-10-24,,,,,,,,,,,,,,,,,,159.3000030517578,201921,-0.0111732028774798,True,,0.27991729592200826,0.2871554040898937,0,0,0,0,
2024-10-25,,,,,,,,,,,,,,,,,,158.6999969482422,199292,-0.0037665165851922,True,,0.27507691827320024,0.27954377820960724,0,0,0,0,
2024-10-28,,,,,,,,,,,,,,,,,,161.0,150810,0.0144927731316084,True,,0.19807210424600882,0.28736698723550996,0,0,0,0,
2024-10-29,,,,,,,,,,,,,,,,,,162.8000030517578,199776,0.01118014317862,True,,0.19150409375896515,0.2890119361956082,0,0,0,0,
2024-10-30,,,,,,,,,,,,,,,,,,160.9499969482422,197295,-0.0113636736415014,True,,0.19492654013774907,0.2891287869974969,0,0,0,0,
2024-10-31,,,,,,,,,,,,,,,,,,160.75,314535,-0.001242602994932,True,,0.17071581207951775,0.2873039744081092,0,0,0,0,
2024-11-04,,,,,,,,,,,,,,,,,,160.60000610351562,331127,-0.0009330880030131,True,,0.16595111618166658,0.2793419098484675,0,0,0,0,
2024-11-05,,,,,,,,,,,,,,,,,,161.4499969482422,202230,0.0052925953451004,True,,0.1334861174345269,0.2793147596115926,0,0,0,0,
2024-11-06,,,,,,,,,,,,,,,,,,159.64999389648438,229351,-0.0111489816400235,True,,0.11464321863181548,0.27559562735005216,0,0,0,0,
2024-11-07,,,,,,,,,,,,,,,,,,163.0,180619,0.0209834402229149,True,,0.18807829851662022,0.2877161677758798,0,0,0,0,
2024-11-08,,,,,,,,,,,,,,,,,,161.0,197927,-0.0122699386503067,True,,0.2163972294380912,0.2844629329978644,0,0,0,0,
2024-11-12,,,,,,,,,,,,,,,,,,161.39999389648438,173537,0.0024844341396546,True,,0.2164460911681025,0.23798192816641275,0,0,0,0,
2024-11-13,,,,,,,,,,,,,,,,,,158.5,298741,-0.0179677447716901,True,,0.2484692153532159,0.24647996482503529,0,0,0,0,
2024-11-14,,,,,,,,,,,,,,,,,,161.85000610351562,193776,0.021135685195682,True,,0.28895419316523774,0.2393840867715723,0,0,0,0,
2024-11-15,,,,,,,,,,,,,,,,,,155.85000610351562,248275,-0.0370713609745713,True,,0.34768635255068275,0.2716627603143416,0,0,0,0,
2024-11-18,,,,,,,,,,,,,,,,,,156.25,184641,0.0025665311570068,True,,0.3540860048916942,0.2472087208955652,0,0,0,0,
2024-11-19,,,,,,,,,,,,,,,,,,153.60000610351562,243572,-0.0169599609374999,True,,0.35243132988897485,0.25209817353257863,0,0,0,0,
2024-11-20,,,,,,,,,,,,,,,,,,158.0,254542,0.0286457924586218,True,,0.43002376590585434,0.2588505377900384,0,0,0,0,
2024-11-21,,,,,,,,,,,,,,,,,,160.0,260379,0.0126582278481013,True,,0.4069479761630256,0.25792797036632675,0,1,0,1,
2024-11-22,,,,,,,,,,,,,,,,,,160.85000610351562,327118,0.0053125381469727,True,,0.2627214952261285,0.2523686716230487,0,1,0,1,
2024-11-25,,,,,,,,,,,,,,,,,,165.5500030517578,605191,0.029219749890575,True,,0.3029894693556669,0.26875705904538255,0,1,0,1,
2024-11-26,,,,,,,,,,,,,,,,,,172.1999969482422,404809,0.0401690955837996,True,,0.22237552289778756,0.2995985696477175,1,1,1,1,Raport kwartalny Q3 2024|Witcher 4 Polaris full production
2024-11-27,,,,,,,,,,,,,,,,,,164.60000610351562,801468,-0.0441346746772061,True,,0.5162263462246757,0.3422758629921865,0,1,0,1,
2024-11-28,,,,,,,,,,,,,,,,,,164.8000030517578,244593,0.001215048243172,True,,0.5170134271534645,0.34029347193853443,0,1,0,1,
2024-11-29,,,,,,,,,,,,,,,,,,167.1999969482422,263151,0.0145630694905425,True,,0.5199991298293871,0.3404167055084874,0,1,0,1,
2024-12-02,,,,,,,,,,,,,,,,,,170.1999969482422,197783,0.0179425840595479,True,,0.49694106321774845,0.3446838610052043,0,0,0,0,
2024-12-03,,,,,,,,,,,,,,,,,,179.4499969482422,584973,0.0543478270614359,True,,0.5641045383312491,0.38912718140109587,0,0,0,0,
2024-12-04,,,,,,,,,,,,,,,,,,179.89999389648438,599687,0.0025076453379488,True,,0.34182404792010934,0.3893055444553169,0,0,0,0,
2024-12-05,,,,,,,,,,,,,,,,,,193.0,641582,0.0728182687490999,True,,0.47198725230934696,0.4503826063908933,0,0,0,0,
2024-12-06,,,,,,,,,,,,,,,,,,199.8500061035156,853412,0.0354922596037079,True,,0.44465350206943544,0.4579948694220192,0,0,0,0,
2024-12-09,,,,,,,,,,,,,,,,,,194.3000030517578,545507,-0.0277708425431976,True,,0.6408028370566802,0.4713856029171795,0,0,0,1,
2024-12-10,,,,,,,,,,,,,,,,,,194.0,451480,-0.0015440197995153,True,,0.6155101065043516,0.47243717071719576,0,0,0,1,
2024-12-11,,,,,,,,,,,,,,,,,,195.6000061035156,352976,0.0082474541418331,True,,0.6087181698817794,0.4611353585817898,0,0,0,1,
2024-12-12,,,,,,,,,,,,,,,,,,191.0,624000,-0.0235174128833166,True,,0.40765804648576537,0.47510584177552373,0,0,1,1,Witcher 4 cinematic reveal Game Awards 2024
2024-12-13,,,,,,,,,,,,,,,,,,183.6000061035156,1085245,-0.038743423541803,True,,0.30812768360736287,0.4772761097853707,0,0,0,1,
2024-12-16,,,,,,,,,,,,,,,,,,189.3000030517578,250392,0.0310457339801419,True,,0.43243098376611416,0.4831302173154224,0,0,0,1,
2024-12-17,,,,,,,,,,,,,,,,,,189.4499969482422,353135,0.0007923607716127,True,,0.4338897401343061,0.4739772334211137,0,0,0,1,
2024-12-18,,,,,,,,,,,,,,,,,,191.8999938964844,500533,0.0129321561768698,True,,0.4436806781109436,0.46946257907773287,0,0,0,0,
2024-12-19,,,,,,,,,,,,,,,,,,188.6999969482422,299693,-0.0166753363732171,True,,0.4265598463866177,0.47885983656446357,0,0,0,0,
2024-12-20,,,,,,,,,,,,,,,,,,187.3000030517578,805200,-0.0074191516646837,True,,0.2947831694911034,0.4821793214593635,0,0,0,0,
2024-12-23,,,,,,,,,,,,,,,,,,187.3000030517578,169889,0.0,True,,0.17380083224549506,0.4763035972363962,0,0,0,0,
2024-12-27,,,,,,,,,,,,,,,,,,190.5500030517578,238569,0.0173518416820415,True,,0.2236243959090652,0.46164401303534086,0,0,0,0,
2024-12-30,,,,,,,,,,,,,,,,,,191.4499969482422,196230,0.0047231376650249,True,,0.2032447609964176,0.4229664370894525,0,0,0,0,
