date,ticker,open,high,low,close,volume,pct_return,log_return
2023-01-02,CDR.WA,129.0,131.74000549316406,128.66000366210938,129.33999633789062,154161,,
2023-01-03,CDR.WA,130.0,132.0800018310547,128.1999969482422,129.0,442436,-0.002628702238419822,-0.0026321633429550115
2023-01-04,CDR.WA,130.60000610351562,130.60000610351562,126.69999694824219,127.5,448472,-0.011627906976744207,-0.011696039763191298
2023-01-05,CDR.WA,127.19999694824219,134.1199951171875,127.0999984741211,132.55999755859375,553374,0.039686255361519596,0.03891899010245885
2023-01-09,CDR.WA,132.60000610351562,136.0,131.3000030517578,133.74000549316406,506013,0.008901689471205065,0.008862302998348308
2023-01-10,CDR.WA,132.25999450683594,138.63999938964844,131.5,138.16000366210938,340647,0.03304918489158615,0.03251480264542736
2023-01-11,CDR.WA,138.33999633789062,139.3800048828125,134.3000030517578,135.75999450683594,460254,-0.017371229673263544,-0.017523879881061563
2023-01-12,CDR.WA,135.6999969482422,135.8000030517578,128.66000366210938,129.94000244140625,845556,-0.0428697134717152,-0.043815756222549206
2023-01-13,CDR.WA,130.1999969482422,134.1999969482422,130.0800018310547,132.13999938964844,289523,0.01693086737653582,0.016789137741658557
2023-01-16,CDR.WA,133.0,133.39999389648438,128.82000732421875,128.82000732421875,280499,-0.025124807634059776,-0.025445824007796266
2023-01-17,CDR.WA,129.0,131.16000366210938,127.19999694824219,129.39999389648438,246420,0.004502301966230249,0.00449219692401442
2023-01-18,CDR.WA,129.22000122070312,134.8000030517578,129.22000122070312,133.27999877929688,327117,0.029984583198020553,0.029543834360614148
2023-01-19,CDR.WA,131.17999267578125,134.5,130.1199951171875,132.5,299002,-0.005852331831038726,-0.005869523833318657
2023-01-20,CDR.WA,132.89999389648438,134.60000610351562,131.60000610351562,132.52000427246094,191743,0.00015097564121457907,0.00015096424553942415
2023-01-23,CDR.WA,132.5399932861328,135.97999572753906,132.5399932861328,135.6999969482422,258887,0.02399632186279743,0.02371293468000316
2023-01-24,CDR.WA,135.6999969482422,137.3000030517578,132.89999389648438,133.9199981689453,225860,-0.013117161527835486,-0.013203951283404389
2023-01-25,CDR.WA,133.0,133.3800048828125,131.0,131.52000427246094,131581,-0.017921101622602187,-0.01808362927528921
2023-01-26,CDR.WA,133.36000061035156,135.60000610351562,132.5399932861328,134.66000366210938,142428,0.02387469044742052,0.02359414651923641
2023-01-27,CDR.WA,135.0,136.4199981689453,133.39999389648438,133.89999389648438,123915,-0.005643916121761183,-0.005659903197877423
2023-01-30,CDR.WA,133.5,134.0,131.1999969482422,132.8000030517578,321847,-0.008215017885489617,-0.008248947092047652
2023-01-31,CDR.WA,134.24000549316406,140.32000732421875,133.0,139.32000732421875,674466,0.049096416586073444,0.047929238046555765
2023-02-01,CDR.WA,139.5,141.83999633789062,137.17999267578125,138.27999877929688,353195,-0.007464890110877032,-0.007492891843332749
2023-02-02,CDR.WA,141.5,148.16000366210938,140.13999938964844,145.77999877929688,574696,0.054237778899394185,0.05281802135480848
2023-02-03,CDR.WA,146.97999572753906,148.5399932861328,144.55999755859375,146.8000030517578,471926,0.00699687392647852,0.006972509388487116
2023-02-06,CDR.WA,145.60000610351562,145.94000244140625,141.32000732421875,142.55999755859375,263532,-0.02888287060640693,-0.029308190371921637
2023-02-07,CDR.WA,141.97999572753906,141.97999572753906,136.02000427246094,141.27999877929688,324216,-0.00897866723637375,-0.009019218381695324
2023-02-08,CDR.WA,142.55999755859375,145.39999389648438,141.52000427246094,141.6999969482422,185104,0.002972806997269428,0.0029683969445431827
2023-02-09,CDR.WA,143.0,143.66000366210938,141.10000610351562,141.47999572753906,143707,-0.0015525845126410642,-0.0015537910209412848
2023-02-10,CDR.WA,140.67999267578125,141.10000610351562,136.17999267578125,138.63999938964844,795935,-0.02007348334502257,-0.020277693134010587
2023-02-13,CDR.WA,139.60000610351562,140.3800048828125,137.0,138.89999389648438,334401,0.0018753210327506764,0.001873564813569797
2023-02-14,CDR.WA,140.5,143.0,133.8000030517578,134.24000549316406,286175,-0.03354923403951471,-0.03412492217913353
2023-02-15,CDR.WA,133.6999969482422,138.5,133.3000030517578,138.39999389648438,126874,0.03098918528822736,0.030518715443655375
2023-02-16,CDR.WA,139.16000366210938,140.63999938964844,136.8000030517578,139.52000427246094,145150,0.008092560876948207,0.00805999170021701
2023-02-17,CDR.WA,139.0,139.33999633789062,135.82000732421875,135.82000732421875,201949,-0.02651947272748545,-0.02687745717167271
2023-02-20,CDR.WA,136.24000549316406,137.74000549316406,135.10000610351562,136.33999633789062,91629,0.0038285155767263657,0.0038212054629481714
2023-02-21,CDR.WA,136.0,136.0,131.22000122070312,131.22000122070312,352516,-0.03755314107900254,-0.03827642585506131
2023-02-22,CDR.WA,131.1999969482422,132.55999755859375,129.16000366210938,131.94000244140625,187685,0.005486977701609108,0.005471979079184352
2023-02-23,CDR.WA,132.05999755859375,135.86000061035156,132.05999755859375,134.5,180542,0.019402739966831728,0.01921690674325638
2023-02-24,CDR.WA,134.13999938964844,134.13999938964844,129.4600067138672,129.52000427246094,170550,-0.03702599053932387,-0.037728856685632785
2023-02-27,CDR.WA,130.0,133.0399932861328,129.3800048828125,132.1199951171875,133393,0.020074048478698092,0.019875221208921094
2023-02-28,CDR.WA,132.1199951171875,133.83999633789062,130.6999969482422,132.39999389648438,207581,0.002119276337003484,0.002117033838664057
2023-03-01,CDR.WA,133.86000061035156,135.60000610351562,131.89999389648438,132.25999450683594,203936,-0.0010573972515277585,-0.0010579566904023831
2023-03-02,CDR.WA,132.0,132.3000030517578,129.4199981689453,130.8000030517578,201939,-0.011038798697384333,-0.011100178358863913
2023-03-03,CDR.WA,132.0,133.5399932861328,129.6999969482422,130.66000366210938,235163,-0.0010703317001685697,-0.0010709049141986973
2023-03-06,CDR.WA,132.0,132.5,130.1999969482422,132.1999969482422,177401,0.011786263913747375,0.011717346892803557
2023-03-07,CDR.WA,132.5,134.8000030517578,131.39999389648438,133.4600067138672,169147,0.009531087705836327,0.00948595344848752
2023-03-08,CDR.WA,134.67999267578125,134.67999267578125,131.4600067138672,132.25999450683594,174683,-0.008991549128302023,-0.009032217068228508
2023-03-09,CDR.WA,132.0,133.77999877929688,131.4600067138672,132.17999267578125,134126,-0.0006048830665160709,-0.0006050660820838831
2023-03-10,CDR.WA,130.89999389648438,131.1999969482422,127.62000274658203,128.6999969482422,187719,-0.026327704042736655,-0.026680483741461175
2023-03-13,CDR.WA,128.72000122070312,130.0399932861328,120.80000305175781,127.08000183105469,412405,-0.012587374946395613,-0.012667267079906338
2023-03-14,CDR.WA,127.04000091552734,132.39999389648438,127.0,130.0,412439,0.022977637133081652,0.022717626645590117
2023-03-15,CDR.WA,130.0,132.55999755859375,128.82000732421875,129.36000061035156,257203,-0.004923072228064873,-0.0049352304684907155
2023-03-16,CDR.WA,131.5,135.39999389648438,130.0,135.39999389648438,365862,0.04669135171331695,0.045634095413418584
2023-03-17,CDR.WA,135.1999969482422,136.3000030517578,130.27999877929688,131.0,530350,-0.03249626362500613,-0.03303599219935867
2023-03-20,CDR.WA,130.0,132.27999877929688,128.82000732421875,130.72000122070312,192225,-0.002137395261808228,-0.002139682751154657
2023-03-21,CDR.WA,125.5,127.69999694824219,114.9000015258789,116.45999908447266,1283726,-0.10908814261831568,-0.11550978190232596
2023-03-22,CDR.WA,115.44000244140625,116.4000015258789,112.31999969482422,112.77999877929688,793652,-0.03159883508591255,-0.03210885099239017
2023-03-23,CDR.WA,112.22000122070312,113.19999694824219,109.22000122070312,110.0,885634,-0.02464975003889791,-0.024958641762864494
2023-03-24,CDR.WA,110.0,113.19999694824219,109.5199966430664,110.5999984741211,635854,0.005454531582919087,0.005439709499444679
2023-03-27,CDR.WA,111.5,114.36000061035156,110.5199966430664,114.05999755859375,355488,0.03128389812123045,0.0308045290319529
2023-03-28,CDR.WA,114.76000213623047,114.77999877929688,108.9000015258789,109.0,593245,-0.04436259571191359,-0.04537672209467009
2023-03-29,CDR.WA,110.0,110.83999633789062,105.5199966430664,110.18000030517578,470410,0.010825690873172311,0.010767512585219671
2023-03-30,CDR.WA,110.22000122070312,114.69999694824219,109.73999786376953,113.27999877929688,751779,0.028135763891221188,0.027747224355065322
2023-03-31,CDR.WA,120.0,124.4000015258789,111.22000122070312,111.22000122070312,1575543,-0.018185006892586952,-0.018352386434438716
2023-04-03,CDR.WA,110.94000244140625,111.0,106.44000244140625,108.05999755859375,603616,-0.028412188701910868,-0.02882362691213219
2023-04-04,CDR.WA,109.5999984741211,110.0999984741211,107.94000244140625,108.44000244140625,292127,0.0035166101369421554,0.003510441321496919
2023-04-05,CDR.WA,109.0999984741211,109.0999984741211,107.0,107.83999633789062,202352,-0.0055330698082548535,-0.0055484339390877565
2023-04-06,CDR.WA,107.80000305175781,108.66000366210938,106.0,106.19999694824219,246748,-0.015207709990177398,-0.015324533133378145
2023-04-11,CDR.WA,107.30000305175781,107.87999725341797,103.91999816894531,105.63999938964844,444063,-0.0052730468426159804,-0.005286998420613209
2023-04-12,CDR.WA,105.5999984741211,110.27999877929688,105.30000305175781,108.83999633789062,400404,0.030291527515436067,0.029841798617045938
2023-04-13,CDR.WA,108.83999633789062,110.18000030517578,108.5,110.0,285617,0.01065788038533344,0.010601485524094586
2023-04-14,CDR.WA,110.9000015258789,112.81999969482422,110.4000015258789,110.73999786376953,281607,0.006727253306995751,0.006704726311900214
2023-04-17,CDR.WA,111.80000305175781,113.19999694824219,110.13999938964844,110.94000244140625,330665,0.0018060735190077448,0.0018044445293182254
2023-04-18,CDR.WA,111.76000213623047,111.94000244140625,109.5199966430664,109.69999694824219,345370,-0.011177262176634395,-0.011240197171573525
2023-04-19,CDR.WA,109.37999725341797,110.0,107.83999633789062,109.19999694824219,232674,-0.004557885268090867,-0.004568304097756892
2023-04-20,CDR.WA,109.6500015258789,110.5999984741211,108.5,109.6500015258789,220145,0.004120921155794655,0.004112453415497278
2023-04-21,CDR.WA,109.0,111.9000015258789,108.44999694824219,110.80000305175781,216507,0.0104879298666265,0.010433313076322202
2023-04-24,CDR.WA,111.4000015258789,111.75,109.5999984741211,110.30000305175781,143665,-0.004512635254770081,-0.004522847928871933
2023-04-25,CDR.WA,110.5,112.25,110.0999984741211,111.0,171653,0.00634630035244621,0.006326247385082525
2023-04-26,CDR.WA,111.19999694824219,112.80000305175781,110.5,111.94999694824219,220623,0.008558531065244956,0.008522114472422092
2023-04-27,CDR.WA,111.5999984741211,114.5,110.9000015258789,114.0,234982,0.018311774074505793,0.01814613260973936
2023-04-28,CDR.WA,114.0999984741211,115.19999694824219,113.0999984741211,113.30000305175781,277618,-0.006140324107387629,-0.006159253425338279
2023-05-02,CDR.WA,114.0999984741211,116.30000305175781,111.5999984741211,111.75,307006,-0.013680520829727927,-0.01377496147547897
2023-05-04,CDR.WA,111.9000015258789,113.25,111.5,112.0,261551,0.0022371364653244186,0.0022346378014163628
2023-05-05,CDR.WA,112.19999694824219,113.69999694824219,112.1500015258789,112.9000015258789,170891,0.008035727909633028,0.008003613375835243
2023-05-08,CDR.WA,113.44999694824219,114.0,111.19999694824219,111.80000305175781,186574,-0.009743121871162663,-0.009790896653349885
2023-05-09,CDR.WA,112.19999694824219,112.4000015258789,110.55000305175781,111.8499984741211,99142,0.0004471862343342625,0.00044708627636894733
2023-05-10,CDR.WA,112.5,113.75,111.3499984741211,113.0,229192,0.010281640961711691,0.010229144418391707
2023-05-11,CDR.WA,114.5,119.5999984741211,113.4000015258789,116.69999694824219,563326,0.0327433358251521,0.03221869442971684
2023-05-12,CDR.WA,117.0,119.25,114.8499984741211,114.8499984741211,340639,-0.015852600878315304,-0.01597959729279186
2023-05-15,CDR.WA,116.4000015258789,116.69999694824219,114.1500015258789,114.4000015258789,217803,-0.0039181275944342175,-0.003925823565465768
2023-05-16,CDR.WA,114.4000015258789,114.5,111.19999694824219,111.19999694824219,432667,-0.02797206761324067,-0.028370737911183375
2023-05-17,CDR.WA,111.19999694824219,112.25,108.55000305175781,109.1500015258789,328266,-0.018435211138696728,-0.01860725739701256
2023-05-18,CDR.WA,110.0,111.9000015258789,108.55000305175781,109.5,168867,0.003206582402457414,0.0032014522809516144
2023-05-19,CDR.WA,110.80000305175781,114.3499984741211,110.6500015258789,113.69999694824219,472566,0.03835613651362735,0.037638824659496445
2023-05-22,CDR.WA,114.0,118.30000305175781,113.05000305175781,118.05000305175781,467731,0.03825862990564377,0.037544915466870055
2023-05-23,CDR.WA,118.0,121.30000305175781,116.44999694824219,121.0,576203,0.024989384769001477,0.02468225621381903
2023-05-24,CDR.WA,120.19999694824219,120.19999694824219,114.3499984741211,114.3499984741211,537854,-0.054958690296519896,-0.05652663847188551
2023-05-25,CDR.WA,115.0,115.5,113.19999694824219,114.19999694824219,218615,-0.0013117754952384209,-0.0013126366258691274
2023-05-26,CDR.WA,115.80000305175781,118.9000015258789,114.94999694824219,118.9000015258789,379637,0.04115590808436598,0.04033154603104583
2023-05-29,CDR.WA,121.05000305175781,125.30000305175781,119.5,125.0,822101,0.051303602992750275,0.05003092077226896
2023-05-30,CDR.WA,125.0999984741211,125.4000015258789,120.25,123.44999694824219,592288,-0.012400024414062516,-0.01247754623171085
2023-05-31,CDR.WA,122.5,122.5,119.8499984741211,121.19999694824219,571198,-0.018226002880691317,-0.018394142614896403
2023-06-01,CDR.WA,121.5999984741211,124.19999694824219,121.0999984741211,124.0,228307,0.023102335992248646,0.02283951714934292
2023-06-02,CDR.WA,125.0,129.6999969482422,123.80000305175781,128.4499969482422,474348,0.03588707216324338,0.03525813419252285
2023-06-05,CDR.WA,129.9499969482422,131.5,128.0500030517578,130.6999969482422,479019,0.01751654381826584,0.017364897483283275
2023-06-06,CDR.WA,130.39999389648438,133.5,128.60000610351562,132.60000610351562,721822,0.014537178268074769,0.014432526500447507
2023-06-07,CDR.WA,132.8000030517578,133.0,130.10000610351562,131.0,301968,-0.012066410481659906,-0.012139800580139156
2023-06-09,CDR.WA,132.0,132.39999389648438,128.5,129.35000610351562,533344,-0.01259537325560589,-0.012675367383064049
2023-06-12,CDR.WA,133.0,143.5,132.9499969482422,141.39999389648438,1584134,0.09315799941536484,0.0890707544794927
2023-06-13,CDR.WA,142.75,143.10000610351562,138.60000610351562,140.3000030517578,440282,-0.007779284951962895,-0.0078097014375057994
2023-06-14,CDR.WA,140.4499969482422,160.0,140.3000030517578,159.0,1352766,0.13328579145749275,0.12512119336015712
2023-06-15,CDR.WA,159.89999389648438,168.39999389648438,155.25,168.25,1428362,0.05817610062893075,0.056546766304605596
2023-06-16,CDR.WA,168.25,173.0,159.8000030517578,170.0,1616168,0.010401188707280795,0.010347468525424543
2023-06-19,CDR.WA,169.0,175.85000610351562,165.0,165.8000030517578,587152,-0.024705864401424638,-0.025016175942807917
2023-06-20,CDR.WA,165.75,165.89999389648438,155.5500030517578,156.0500030517578,805024,-0.05880578902616995,-0.06060577283438359
2023-06-21,CDR.WA,156.0,160.5,153.10000610351562,154.8000030517578,580036,-0.00801025296734792,-0.008042507403245951
2023-06-22,CDR.WA,154.0500030517578,158.1999969482422,153.1999969482422,155.60000610351562,320138,0.005167978268646012,0.005154670100145033
2023-06-23,CDR.WA,153.85000610351562,156.39999389648438,152.0,152.0,345374,-0.023136285104774723,-0.023408130123692892
2023-06-26,CDR.WA,151.1999969482422,153.5500030517578,150.3000030517578,152.10000610351562,426203,0.0006579348915500827,0.0006577185472777524
2023-06-27,CDR.WA,152.6999969482422,153.0,146.35000610351562,147.3000030517578,449026,-0.03155820420211586,-0.03206689520699422
2023-06-28,CDR.WA,148.0,155.0500030517578,147.64999389648438,150.85000610351562,455125,0.024100495439300262,0.02381466187933536
2023-06-29,CDR.WA,151.5,157.6999969482422,150.5500030517578,154.64999389648438,353347,0.025190504734624586,0.024878453598544088
2023-06-30,CDR.WA,156.5,157.8000030517578,153.39999389648438,154.85000610351562,216562,0.0012933217906567762,0.0012924861704359779
2023-07-03,CDR.WA,155.0,157.39999389648438,154.14999389648438,155.0,270689,0.0009686399132855517,0.0009681710843712539
2023-07-04,CDR.WA,155.0,155.3000030517578,151.6999969482422,151.6999969482422,205865,-0.021290342269405294,-0.02152025068181906
2023-07-05,CDR.WA,151.4499969482422,151.4499969482422,140.75,143.35000610351562,493622,-0.055042788481897365,-0.056615631330333475
2023-07-06,CDR.WA,143.0,144.8000030517578,140.64999389648438,144.8000030517578,280648,0.010115081175477103,0.010064266120197158
2023-07-07,CDR.WA,144.85000610351562,145.75,143.10000610351562,145.0,194668,0.0013811943648280867,0.001380241393283064
2023-07-10,CDR.WA,144.1999969482422,145.5,141.8000030517578,145.5,133594,0.0034482758620688614,0.0034423441909726986
2023-07-11,CDR.WA,145.9499969482422,147.14999389648438,143.75,144.5500030517578,127768,-0.00652918864771268,-0.006550597037066417
2023-07-12,CDR.WA,144.5,151.6999969482422,144.5,150.5,302756,0.041162205621757986,0.04033759461444966
2023-07-13,CDR.WA,152.5500030517578,158.14999389648438,151.14999389648438,154.0500030517578,386534,0.023588060144570155,0.023314160663923583
2023-07-14,CDR.WA,154.0,156.1999969482422,151.60000610351562,154.1999969482422,179123,0.0009736701948261928,0.0009731964854682317
2023-07-17,CDR.WA,153.8000030517578,160.60000610351562,152.1999969482422,159.5,283203,0.03437096729344802,0.03379348088657706
2023-07-18,CDR.WA,159.60000610351562,159.6999969482422,156.5,159.4499969482422,159922,-0.0003134987571022929,-0.00031354790811043365
2023-07-19,CDR.WA,159.8000030517578,161.0,156.5500030517578,160.0,232119,0.003449376370551649,0.0034434409170379897
2023-07-20,CDR.WA,158.5500030517578,160.35000610351562,157.1999969482422,160.1999969482422,167285,0.0012499809265136275,0.0012492003507574637
2023-07-21,CDR.WA,160.0,160.8000030517578,156.4499969482422,159.75,251656,-0.002808969767880698,-0.002812922326940275
2023-07-24,CDR.WA,157.5,160.0,156.64999389648438,158.25,200447,-0.009389671361502372,-0.009434032233358642
2023-07-25,CDR.WA,158.5500030517578,159.0,156.1999969482422,157.75,183936,-0.003159557661927326,-0.0031645596029630254
2023-07-26,CDR.WA,158.0,159.3000030517578,153.25,157.85000610351562,184105,0.0006339531126189346,0.0006337522492319313
2023-07-27,CDR.WA,158.0,165.5,158.0,164.3000030517578,541173,0.0408615565336905,0.04004878994696984
2023-07-28,CDR.WA,164.0,164.4499969482422,162.10000610351562,164.39999389648438,243327,0.00060858699250943,0.0006084018785471961
2023-07-31,CDR.WA,164.60000610351562,165.5,162.25,163.35000610351562,304425,-0.006386787298969576,-0.006407270084342592
2023-08-01,CDR.WA,162.5,162.5,158.89999389648438,160.8000030517578,202070,-0.015610670073326283,-0.015733799688269615
2023-08-02,CDR.WA,159.60000610351562,160.39999389648438,155.1999969482422,159.3000030517578,246522,-0.009328358031916117,-0.009372139650157013
2023-08-03,CDR.WA,158.0,162.75,157.5,162.6999969482422,264370,0.02134333855210091,0.021118759394727186
2023-08-04,CDR.WA,163.39999389648438,164.85000610351562,162.14999389648438,163.10000610351562,208629,0.0024585689168801217,0.0024555515808610405
2023-08-07,CDR.WA,162.10000610351562,163.0,160.5,162.4499969482422,110863,-0.00398534108491011,-0.003993303719609542
2023-08-08,CDR.WA,162.25,162.6999969482422,159.25,159.85000610351562,142971,-0.016004868535361982,-0.01613432964066213
2023-08-09,CDR.WA,160.1999969482422,161.89999389648438,155.3000030517578,155.3000030517578,175248,-0.02846420317814269,-0.02887716388325115
2023-08-10,CDR.WA,156.39999389648438,161.0,156.10000610351562,159.5,144452,0.02704440995305335,0.026685172419531573
2023-08-11,CDR.WA,158.10000610351562,158.9499969482422,156.1999969482422,157.25,122062,-0.014106583072100332,-0.014207026644349374
2023-08-14,CDR.WA,156.64999389648438,157.89999389648438,156.1999969482422,157.25,80213,0.0,0.0
2023-08-16,CDR.WA,157.0,159.4499969482422,149.64999389648438,150.0500030517578,301650,-0.04578694402697736,-0.04686830335590135
2023-08-17,CDR.WA,150.0,153.10000610351562,148.1999969482422,149.39999389648438,183961,-0.00433195029692357,-0.004341360379450765
2023-08-18,CDR.WA,150.0,154.35000610351562,150.0,154.0,209938,0.030789868081941618,0.03032537056843138
2023-08-21,CDR.WA,154.5500030517578,157.64999389648438,154.0,155.60000610351562,239465,0.010389650022828656,0.010336048556340047
2023-08-22,CDR.WA,156.5,158.64999389648438,154.10000610351562,157.10000610351562,205533,0.009640102449623988,0.009593933142755235
2023-08-23,CDR.WA,157.60000610351562,159.8000030517578,155.0500030517578,159.8000030517578,238256,0.017186485317276956,0.017040468316807698
2023-08-24,CDR.WA,160.4499969482422,163.35000610351562,154.75,154.9499969482422,225661,-0.03035047566266158,-0.030820587890888408
2023-08-25,CDR.WA,153.5,157.10000610351562,152.10000610351562,156.10000610351562,160789,0.007421808182787926,0.007394402082777881
2023-08-28,CDR.WA,157.89999389648438,158.0,153.60000610351562,154.85000610351562,128854,-0.008007687066783786,-0.008039920786546223
2023-08-29,CDR.WA,155.0,156.25,152.60000610351562,155.9499969482422,128467,0.007103589288793621,0.007078477650114547
2023-08-30,CDR.WA,155.5,156.64999389648438,152.9499969482422,153.5500030517578,145445,-0.015389509095539822,-0.015509156723474247
2023-08-31,CDR.WA,153.1999969482422,155.60000610351562,147.39999389648438,147.5500030517578,580779,-0.03907521902150368,-0.03985914468969516
2023-09-01,CDR.WA,147.8000030517578,151.4499969482422,145.0,150.4499969482422,232537,0.019654312683864195,0.019463660720033932
2023-09-04,CDR.WA,151.0,161.1999969482422,151.0,156.3000030517578,454896,0.038883391307267035,0.038146474160578245
2023-09-05,CDR.WA,156.35000610351562,160.0,153.5,153.5500030517578,255934,-0.01759436945813342,-0.017750990190917058
2023-09-06,CDR.WA,153.6999969482422,155.89999389648438,150.60000610351562,151.0,224520,-0.016606987958823205,-0.01674642994659137
2023-09-07,CDR.WA,151.0,151.8000030517578,146.64999389648438,147.85000610351562,261125,-0.020860886731684625,-0.021081549234628866
2023-09-08,CDR.WA,149.1999969482422,154.64999389648438,149.1999969482422,154.10000610351562,270852,0.04227257180918964,0.04140349435327293
2023-09-11,CDR.WA,155.1999969482422,157.6999969482422,154.39999389648438,156.25,245177,0.013951939074162922,0.01385550668294247
2023-09-12,CDR.WA,157.35000610351562,158.5,154.5500030517578,156.6999969482422,196776,0.002879980468750043,0.002875841270302583
2023-09-13,CDR.WA,156.0500030517578,156.4499969482422,153.6999969482422,155.89999389648438,199607,-0.005105316319961695,-0.005118392973279765
2023-09-14,CDR.WA,155.89999389648438,157.8000030517578,154.4499969482422,155.64999389648438,210628,-0.0016035921089644356,-0.0016048792389954816
2023-09-15,CDR.WA,157.1999969482422,157.60000610351562,154.1999969482422,154.25,937817,-0.008994500169498543,-0.009035194889040997
2023-09-18,CDR.WA,154.9499969482422,156.39999389648438,152.85000610351562,153.3000030517578,208026,-0.00615881327871759,-0.006177857000632984
2023-09-19,CDR.WA,155.1999969482422,155.1999969482422,147.3000030517578,148.39999389648438,384652,-0.03196352940462155,-0.032485516180396454
2023-09-20,CDR.WA,149.8000030517578,154.4499969482422,148.60000610351562,153.0,248489,0.030997346985905727,0.03052663178796768
2023-09-21,CDR.WA,156.3000030517578,158.4499969482422,147.6999969482422,148.60000610351562,430891,-0.02875813004238159,-0.029179748035321147
2023-09-22,CDR.WA,148.89999389648438,150.60000610351562,146.10000610351562,148.6999969482422,220422,0.0006728858722717668,0.0006726595860773808
2023-09-25,CDR.WA,150.64999389648438,155.8000030517578,148.9499969482422,149.39999389648438,394342,0.004707444267707972,0.0046963989020061
2023-09-26,CDR.WA,149.0,149.85000610351562,138.1999969482422,141.10000610351562,715132,-0.0555554761181557,-0.05715832972976407
2023-09-27,CDR.WA,140.0,142.0,134.39999389648438,135.0,548711,-0.04323179191814108,-0.0441941236770043
2023-09-28,CDR.WA,135.0,135.0,121.55000305175781,123.69999694824219,1150766,-0.0837037263093171,-0.08741552371062464
2023-09-29,CDR.WA,124.19999694824219,127.30000305175781,123.0999984741211,125.19999694824219,529601,0.012126111859385169,0.01205317956313058
2023-10-02,CDR.WA,126.30000305175781,126.55000305175781,120.44999694824219,120.80000305175781,366472,-0.03514372207455674,-0.035776123527325406
2023-10-03,CDR.WA,120.44999694824219,130.64999389648438,120.0,129.10000610351562,719961,0.06870863279863992,0.06645103436641107
2023-10-04,CDR.WA,128.0,130.75,125.44999694824219,126.55000305175781,449997,-0.01975215283656262,-0.019949834023852284
2023-10-05,CDR.WA,126.6500015258789,128.5,118.19999694824219,118.75,613004,-0.061635739736550454,-0.06361706819141821
2023-10-06,CDR.WA,118.55000305175781,118.6500015258789,106.25,107.5999984741211,1251997,-0.09389474969161182,-0.09859980936809735
2023-10-09,CDR.WA,107.3499984741211,111.0999984741211,104.19999694824219,109.55000305175781,504617,0.01812271938001664,0.017960460352036065
2023-10-10,CDR.WA,110.80000305175781,115.19999694824219,110.3499984741211,112.30000305175781,482899,0.025102692135031246,0.02479279502075521
2023-10-11,CDR.WA,114.0,114.0,108.25,109.69999694824219,410227,-0.02315232442440196,-0.023424549457383453
2023-10-12,CDR.WA,111.0,111.5999984741211,105.4000015258789,105.55000305175781,496068,-0.03783039208690586,-0.0385645362548203
2023-10-13,CDR.WA,105.5,108.1500015258789,104.55000305175781,105.9000015258789,397778,0.0033159494457757344,0.0033104638087971417
2023-10-16,CDR.WA,108.0,108.25,101.5,101.6500015258789,563294,-0.040132199610605546,-0.04095971193057648
2023-10-17,CDR.WA,101.75,105.94999694824219,101.05000305175781,105.3499984741211,451954,0.03639937917069491,0.035752570680836156
2023-10-18,CDR.WA,105.44999694824219,107.80000305175781,103.4000015258789,104.4000015258789,486756,-0.009017531675385326,-0.009058435702060925
2023-10-19,CDR.WA,104.4000015258789,105.9000015258789,103.69999694824219,105.1500015258789,201897,0.007183907940979228,0.007158226595921574
2023-10-20,CDR.WA,105.0,106.3499984741211,103.55000305175781,104.5999984741211,232999,-0.005230651866633074,-0.005244379617088098
2023-10-23,CDR.WA,104.75,105.19999694824219,102.8499984741211,103.44999694824219,258683,-0.010994278610466979,-0.011055162351352243
2023-10-24,CDR.WA,103.44999694824219,105.44999694824219,103.0999984741211,103.6500015258789,236356,0.001933345418432264,0.0019314789115266332
2023-10-25,CDR.WA,104.4000015258789,106.19999694824219,103.5,105.5999984741211,406034,0.018813284317755752,0.018638503219305637
2023-10-26,CDR.WA,105.25,107.8499984741211,103.9000015258789,106.55000305175781,336988,0.00899625560003714,0.008956030363631852
2023-10-27,CDR.WA,106.5999984741211,109.0,106.19999694824219,106.69999694824219,255269,0.001407732446629062,0.0014067425202338492
2023-10-30,CDR.WA,107.4000015258789,108.9000015258789,105.0,105.0,226759,-0.015932492941558518,-0.01606077954889228
2023-10-31,CDR.WA,105.5,106.69999694824219,105.0,105.0,214824,0.0,0.0
2023-11-02,CDR.WA,106.5,108.3499984741211,105.30000305175781,108.3499984741211,494546,0.031904747372581754,0.03140636374197504
2023-11-03,CDR.WA,109.0,110.5999984741211,106.94999694824219,110.0,339613,0.015228440693268785,0.015113651892917825
2023-11-06,CDR.WA,110.9000015258789,111.8499984741211,108.80000305175781,109.5999984741211,243416,-0.003636377507990063,-0.003643005200753966
2023-11-07,CDR.WA,109.5,110.0,106.80000305175781,109.5,210184,-0.0009123948495738388,-0.000912811335106711
2023-11-08,CDR.WA,109.0,110.5,107.5999984741211,108.25,125942,-0.011415525114155223,-0.011481182373956254
2023-11-09,CDR.WA,108.25,111.0,106.80000305175781,110.0,190796,0.01616628175519641,0.016036998909817104
2023-11-10,CDR.WA,110.0,110.0,108.19999694824219,109.19999694824219,204035,-0.007272755015980126,-0.007299330428112078
2023-11-13,CDR.WA,109.5,110.0999984741211,107.4000015258789,107.69999694824219,194102,-0.013736264120144281,-0.013831479537688858
2023-11-14,CDR.WA,107.05000305175781,114.3499984741211,103.30000305175781,114.0999984741211,555080,0.059424342685493015,0.0577256876682426
2023-11-15,CDR.WA,114.30000305175781,116.44999694824219,111.5999984741211,114.0,424386,-0.0008764108278561666,-0.0008767951003625541
2023-11-16,CDR.WA,114.19999694824219,114.94999694824219,111.5,112.5999984741211,309444,-0.012280715139288634,-0.012356746240227963
2023-11-17,CDR.WA,112.5999984741211,113.6500015258789,112.0,113.1500015258789,164063,0.004884574238109174,0.004872683410731024
2023-11-20,CDR.WA,113.8499984741211,117.94999694824219,113.5,113.8499984741211,342438,0.006186451072049515,0.006167393542212444
2023-11-21,CDR.WA,114.6500015258789,115.69999694824219,113.1500015258789,113.19999694824219,186647,-0.0057092800578882885,-0.005725640297120058
2023-11-22,CDR.WA,113.0,114.94999694824219,111.5999984741211,113.8499984741211,211039,0.00574206310426062,0.005725640297120098
2023-11-23,CDR.WA,113.8499984741211,114.0,110.4000015258789,110.4000015258789,221118,-0.03030300390409224,-0.03077163144284918
2023-11-24,CDR.WA,110.5,112.4000015258789,109.44999694824219,111.94999694824219,132684,0.014039813414313596,0.013942168120394413
2023-11-27,CDR.WA,112.4000015258789,114.1500015258789,109.5999984741211,109.5999984741211,199037,-0.020991501011005553,-0.021214955193093944
2023-11-28,CDR.WA,109.44999694824219,109.5999984741211,106.8499984741211,107.94999694824219,384126,-0.015054758657396361,-0.015169231900951067
2023-11-29,CDR.WA,115.0,115.6500015258789,104.1500015258789,104.19999694824219,1146698,-0.034738305752782694,-0.03535602865894801
2023-11-30,CDR.WA,105.0,110.0,104.8499984741211,108.8499984741211,693059,0.04462573572040163,0.04365867363061316
2023-12-01,CDR.WA,107.30000305175781,111.44999694824219,106.6500015258789,111.0,414055,0.01975196652290312,0.019559427649957814
2023-12-04,CDR.WA,110.44999694824219,111.0,106.05000305175781,106.69999694824219,668543,-0.03873876623205241,-0.0395090716059185
2023-12-05,CDR.WA,106.75,109.0999984741211,106.4000015258789,107.75,486950,0.009840703671876838,0.009792599277441501
2023-12-06,CDR.WA,107.8499984741211,109.9000015258789,107.75,108.5,238782,0.006960556844547661,0.006936443996657169
2023-12-07,CDR.WA,108.5,109.5,107.6500015258789,108.25,261477,-0.0023041474654378336,-0.0023068060979150595
2023-12-08,CDR.WA,108.25,112.19999694824219,108.25,112.1500015258789,381749,0.03602772772174512,0.03539390768931492
2023-12-11,CDR.WA,112.1500015258789,114.75,111.6500015258789,113.8499984741211,415342,0.015158242756242002,0.015044504535296772
2023-12-12,CDR.WA,114.3499984741211,114.5999984741211,112.3499984741211,113.30000305175781,173024,-0.004830877731529348,-0.004842584138053735
2023-12-13,CDR.WA,113.30000305175781,113.69999694824219,112.4000015258789,112.8499984741211,230773,-0.003971796694755114,-0.003979705226914352
2023-12-14,CDR.WA,113.94999694824219,114.80000305175781,113.0999984741211,114.0,281546,0.010190532046330691,0.010138958652252587
2023-12-15,CDR.WA,114.0999984741211,115.44999694824219,113.05000305175781,114.4000015258789,755118,0.003508785314727314,0.0035026438893043677
2023-12-18,CDR.WA,114.4000015258789,115.3499984741211,112.30000305175781,115.30000305175781,450394,0.007867146100302369,0.007836361459190762
2023-12-19,CDR.WA,115.30000305175781,118.80000305175781,114.5,116.5,424431,0.010407605520214247,0.010353819262764763
2023-12-20,CDR.WA,117.0,118.75,116.0,116.0,260047,-0.0042918454935622075,-0.0043010818993905854
2023-12-21,CDR.WA,115.25,117.0999984741211,114.4000015258789,116.0,320409,0.0,0.0
2023-12-22,CDR.WA,116.0,116.80000305175781,114.69999694824219,116.5,303527,0.004310344827586299,0.004301081899390702
2023-12-27,CDR.WA,116.5,116.9000015258789,114.5999984741211,115.0,357764,-0.012875536480686733,-0.012959144642505228
2023-12-28,CDR.WA,115.75,117.55000305175781,115.19999694824219,115.69999694824219,268861,0.006086929984714606,0.006068479459908392
2023-12-29,CDR.WA,115.69999694824219,116.4000015258789,114.9000015258789,115.0,164252,-0.006050103428743681,-0.0060684794599085105
2024-01-02,CDR.WA,115.05000305175781,115.8499984741211,109.94999694824219,111.9000015258789,399398,-0.026956508470618257,-0.027326499409276773
2024-01-03,CDR.WA,111.8499984741211,112.0,108.4000015258789,111.6500015258789,390528,-0.002234137592412644,-0.0022366370011795253
2024-01-04,CDR.WA,111.6500015258789,112.5,110.0,112.25,211875,0.005373922668348685,0.0053595346695698
2024-01-05,CDR.WA,112.05000305175781,112.05000305175781,107.6500015258789,111.0999984741211,509914,-0.010245002457718533,-0.010297843711063034
2024-01-08,CDR.WA,110.80000305175781,111.0,109.25,110.25,133249,-0.007650751447301651,-0.007680168584345253
2024-01-09,CDR.WA,110.25,111.5,109.6500015258789,111.44999694824219,225119,0.010884326061153526,0.01082551812261773
2024-01-10,CDR.WA,111.3499984741211,113.1500015258789,110.44999694824219,111.19999694824219,199370,-0.002243158428403502,-0.0022456780769567457
2024-01-11,CDR.WA,111.19999694824219,111.80000305175781,107.5999984741211,107.5999984741211,385541,-0.032374087885961966,-0.032909720825963204
2024-01-12,CDR.WA,108.0,109.8499984741211,107.1500015258789,108.0,230382,0.003717486352707633,0.0037105935775664893
2024-01-15,CDR.WA,107.94999694824219,108.0,105.5,106.6500015258789,259067,-0.012499985871491592,-0.012578767899509935
2024-01-16,CDR.WA,106.5999984741211,106.94999694824219,104.8499984741211,105.0,315846,-0.015471181455900207,-0.015592109067186374
2024-01-17,CDR.WA,104.9000015258789,105.0999984741211,100.0,100.0,651055,-0.04761904761904767,-0.048790164169432056
2024-01-18,CDR.WA,100.80000305175781,102.0,97.0999984741211,99.9000015258789,594224,-0.0009999847412109908,-0.0010004850595205779
2024-01-19,CDR.WA,100.5,101.44999694824219,97.76000213623047,99.19999694824219,506057,-0.007007052722170171,-0.007031717401431786
2024-01-22,CDR.WA,100.05000305175781,101.55000305175781,99.63999938964844,101.55000305175781,248633,0.02368957838518626,0.023413334551029796
2024-01-23,CDR.WA,103.80000305175781,108.5999984741211,100.80000305175781,103.75,466631,0.02166417412238686,0.021432841032638938
2024-01-24,CDR.WA,104.19999694824219,105.6500015258789,104.05000305175781,105.5,304587,0.01686746987951815,0.016726793805313583
2024-01-25,CDR.WA,105.5,107.0,102.6500015258789,106.3499984741211,478910,0.008056857574607612,0.008024574382415486
2024-01-26,CDR.WA,106.3499984741211,106.5999984741211,103.6500015258789,105.1500015258789,232329,-0.011283469350817033,-0.011347610638378447
2024-01-29,CDR.WA,105.3499984741211,105.6500015258789,103.75,105.0,185957,-0.0014265480142859888,-0.001427566502634777
2024-01-30,CDR.WA,105.0,106.05000305175781,103.69999694824219,103.80000305175781,316217,-0.011428542364211314,-0.011494350025371261
2024-01-31,CDR.WA,103.94999694824219,105.19999694824219,102.55000305175781,104.75,274878,0.009152186130172657,0.009110558670094901
2024-02-01,CDR.WA,103.6500015258789,105.5999984741211,103.6500015258789,104.80000305175781,202703,0.000477356102699833,0.0004772422045206597
2024-02-02,CDR.WA,105.05000305175781,106.55000305175781,103.69999694824219,104.19999694824219,225095,-0.005725248912629266,-0.0057417009750046575
2024-02-05,CDR.WA,104.44999694824219,109.69999694824219,104.44999694824219,108.94999694824219,491632,0.04558541400302918,0.04457693334823834
2024-02-06,CDR.WA,109.44999694824219,109.44999694824219,107.0999984741211,108.3499984741211,240257,-0.005507099503693658,-0.005522319480502952
2024-02-07,CDR.WA,108.3499984741211,109.3499984741211,107.3499984741211,108.30000305175781,278601,-0.0004614252244333761,-0.00046153171381143113
2024-02-08,CDR.WA,109.0,111.1500015258789,108.0,110.0,493498,0.01569710895972687,0.015575183606729267
2024-02-09,CDR.WA,109.0,111.44999694824219,109.0,111.19999694824219,212739,0.010909063165838173,0.01084998858020028
2024-02-12,CDR.WA,111.0999984741211,114.30000305175781,111.0,113.3499984741211,304140,0.01933454662664813,0.019150009119263862
2024-02-13,CDR.WA,113.19999694824219,113.30000305175781,108.75,109.30000305175781,320700,-0.035729999796055845,-0.03638394038845614
2024-02-14,CDR.WA,109.25,110.80000305175781,108.94999694824219,110.30000305175781,203121,0.009149130577118747,0.009107530823827727
2024-02-15,CDR.WA,110.30000305175781,115.05000305175781,109.0,113.75,524823,0.03127830328910597,0.030799103903808238
2024-02-16,CDR.WA,113.75,115.0,112.80000305175781,114.5,334885,0.00659340659340657,0.006571765163234519
2024-02-19,CDR.WA,113.30000305175781,115.30000305175781,112.5,114.0999984741211,329348,-0.0034934631081127154,-0.0034995794994363044
2024-02-20,CDR.WA,113.5,114.8499984741211,110.6500015258789,114.75,468422,0.00569677067985519,0.005680605445796405
2024-02-21,CDR.WA,115.0,116.3499984741211,113.4000015258789,113.5,494349,-0.01089324618736387,-0.010953012019197206
2024-02-22,CDR.WA,114.19999694824219,115.55000305175781,114.19999694824219,115.44999694824219,264746,0.017180589852354045,0.017034672445457946
2024-02-23,CDR.WA,115.44999694824219,116.25,114.0999984741211,114.8499984741211,222237,-0.005197041922747614,-0.005210593517649801
2024-02-26,CDR.WA,114.80000305175781,115.0,112.6500015258789,113.9000015258789,160782,-0.008271632223454062,-0.0083060319994751
2024-02-27,CDR.WA,113.9000015258789,115.75,113.0999984741211,115.30000305175781,211441,0.012291496989671469,0.012216569893200134
2024-02-28,CDR.WA,115.30000305175781,115.30000305175781,110.9000015258789,111.0999984741211,278646,-0.036426751660633916,-0.03710677083168988
2024-02-29,CDR.WA,110.9000015258789,112.0999984741211,109.55000305175781,109.69999694824219,363039,-0.01260127403336564,-0.012681343449239615
2024-03-01,CDR.WA,110.0,111.6500015258789,109.0999984741211,110.3499984741211,147171,0.005925264758080084,0.005907779413054949
2024-03-04,CDR.WA,110.3499984741211,111.1500015258789,105.9000015258789,105.9000015258789,329817,-0.04032620761010508,-0.04116185185907809
2024-03-05,CDR.WA,105.94999694824219,107.0,104.25,105.4000015258789,173831,-0.0047214352483064825,-0.004732616431746418
2024-03-06,CDR.WA,105.69999694824219,107.3499984741211,105.5,107.0,151204,0.015180250957854469,0.01506618387761478
2024-03-07,CDR.WA,106.94999694824219,109.9000015258789,105.55000305175781,107.75,268902,0.007009345794392496,0.006984894521950969
2024-03-08,CDR.WA,108.5,111.0999984741211,105.5999984741211,110.69999694824219,425118,0.027378161932642087,0.02701008316291237
2024-03-11,CDR.WA,112.0999984741211,117.8499984741211,111.5,117.0999984741211,921374,0.057813926850162733,0.05620444542633923
2024-03-12,CDR.WA,117.19999694824219,119.6500015258789,115.4000015258789,117.6500015258789,863119,0.004696866429757973,0.004685870569909087
2024-03-13,CDR.WA,117.75,118.1500015258789,115.5999984741211,116.5,340744,-0.0097747684739804,-0.009822855137262618
2024-03-14,CDR.WA,116.5,119.0999984741211,116.0999984741211,117.8499984741211,458565,0.011587969734945025,0.011521343428748764
2024-03-15,CDR.WA,118.0,118.94999694824219,113.8499984741211,116.1500015258789,963575,-0.014425090965236587,-0.014530144080945143
2024-03-18,CDR.WA,116.9000015258789,117.9000015258789,111.1500015258789,112.5,557815,-0.031424894342904186,-0.03192925070908405
2024-03-19,CDR.WA,112.5,113.19999694824219,109.44999694824219,111.0999984741211,282810,-0.012444458007812464,-0.012522538733174155
2024-03-20,CDR.WA,111.5,113.5,110.69999694824219,112.9000015258789,234726,0.016201647853101298,0.01607180175962912
2024-03-21,CDR.WA,115.0,115.1500015258789,112.1500015258789,114.30000305175781,308211,0.012400367643555787,0.012324112829378196
2024-03-22,CDR.WA,114.0,116.5999984741211,113.25,114.9000015258789,273887,0.005249330342094627,0.0052356006344620445
2024-03-25,CDR.WA,114.9000015258789,116.25,113.8499984741211,115.30000305175781,243560,0.0034813013104164625,0.0034752556082204436
2024-03-26,CDR.WA,114.80000305175781,115.25,112.4000015258789,113.0,522706,-0.019947987778676346,-0.02014963503064996
2024-03-27,CDR.WA,113.4000015258789,115.9000015258789,112.8499984741211,115.4000015258789,315277,0.02123895155645039,0.021016548584179277
2024-03-28,CDR.WA,115.69999694824219,117.0,114.5999984741211,116.9000015258789,558605,0.012998266725877006,0.012914514234358927
2024-04-02,CDR.WA,118.9000015258789,124.0999984741211,115.6500015258789,115.6500015258789,1692229,-0.010692899774883968,-0.01075047965949314
2024-04-03,CDR.WA,116.0,116.5,113.5,114.0,436705,-0.0142671984791084,-0.014369953476890416
2024-04-04,CDR.WA,114.19999694824219,117.3499984741211,114.19999694824219,116.9000015258789,354939,0.02543860987613078,0.025120433136383544
2024-04-05,CDR.WA,115.5,117.19999694824219,114.4000015258789,116.05000305175781,372071,-0.007271158794064925,-0.007297722513511192
2024-04-08,CDR.WA,116.69999694824219,117.0,115.69999694824219,117.0,193074,0.008186100157347553,0.008152775780388219
2024-04-09,CDR.WA,117.5,119.80000305175781,116.69999694824219,117.0999984741211,373870,0.0008546878130009095,0.0008543227753527419
2024-04-10,CDR.WA,117.5999984741211,118.69999694824219,114.19999694824219,115.0,306001,-0.017933377467850176,-0.01809612920985868
2024-04-11,CDR.WA,115.25,121.0,115.25,118.69999694824219,539574,0.03217388650645381,0.03166714754253361
2024-04-12,CDR.WA,119.80000305175781,120.0,118.1500015258789,118.5,235661,-0.0016848942997815808,-0.0016863153305977665
2024-04-15,CDR.WA,117.30000305175781,119.44999694824219,115.5,115.5,317370,-0.025316455696202556,-0.02564243061333767
2024-04-16,CDR.WA,115.0,115.30000305175781,111.4000015258789,111.55000305175781,445099,-0.034199107776988646,-0.03479758172554993
2024-04-17,CDR.WA,111.75,113.1500015258789,111.05000305175781,112.44999694824219,326580,0.008068075946773279,0.008035703030228188
2024-04-18,CDR.WA,113.0,113.80000305175781,111.1500015258789,112.69999694824219,338970,0.002223210376031126,0.0022207427006073486
2024-04-19,CDR.WA,112.0,113.80000305175781,111.5999984741211,113.19999694824219,195122,0.004436557351723991,0.004426744842957011
2024-04-22,CDR.WA,113.25,116.3499984741211,113.25,116.25,285597,0.026943490582887142,0.02658690565737481
2024-04-23,CDR.WA,116.30000305175781,117.75,115.05000305175781,115.75,364389,-0.004301075268817178,-0.004310351501122212
2024-04-24,CDR.WA,116.0,118.19999694824219,115.6500015258789,116.1500015258789,276867,0.0034557367246557114,0.003449779387215361
2024-04-25,CDR.WA,115.9000015258789,116.94999694824219,114.05000305175781,114.5999984741211,201047,-0.013344838841112372,-0.013434681387744422
2024-04-26,CDR.WA,115.5999984741211,116.80000305175781,114.9000015258789,116.1500015258789,176839,0.013525332219858965,0.013434681387744493
2024-04-29,CDR.WA,116.0,118.4000015258789,116.0,117.8499984741211,222908,0.014636219766759329,0.014530144080945188
2024-04-30,CDR.WA,118.19999694824219,119.6500015258789,117.75,118.5,244947,0.005515498806066166,0.005500344140681939
2024-05-02,CDR.WA,118.5,123.5999984741211,117.05000305175781,119.55000305175781,528880,0.00886078524690137,0.008821758856189044
2024-05-06,CDR.WA,120.0,126.4000015258789,119.6500015258789,124.0999984741211,695889,0.03805935011472483,0.037352960483627184
2024-05-07,CDR.WA,124.19999694824219,129.64999389648438,124.0999984741211,128.5,654081,0.0354552907331136,0.034841224420272404
2024-05-08,CDR.WA,128.0,134.85000610351562,127.5999984741211,131.8000030517578,901842,0.025680957601228016,0.025356740887591874
2024-05-09,CDR.WA,132.60000610351562,134.3000030517578,130.3000030517578,131.5,248695,-0.002276199126034939,-0.0022787936050472244
2024-05-10,CDR.WA,133.0,133.75,130.5500030517578,131.75,311155,0.0019011406844107182,0.0018993358036525374
2024-05-13,CDR.WA,131.0,142.1999969482422,131.0,140.85000610351562,946280,0.06907025505514697,0.06678935023435315
2024-05-14,CDR.WA,142.0,144.89999389648438,139.0,143.0500030517578,867007,0.01561943097556795,0.015498703173798556
2024-05-15,CDR.WA,142.25,143.0,136.39999389648438,139.64999389648438,585313,-0.02376797681048115,-0.02405499214424337
2024-05-16,CDR.WA,140.0,144.35000610351562,139.89999389648438,142.89999389648438,482213,0.023272467898631355,0.023005793538644834
2024-05-17,CDR.WA,142.1999969482422,142.64999389648438,140.60000610351562,141.10000610351562,214075,-0.012596136248071876,-0.012676140108591267
2024-05-20,CDR.WA,141.0,143.3000030517578,140.35000610351562,142.64999389648438,281552,0.01098502994983308,0.010925132757424313
2024-05-21,CDR.WA,142.6999969482422,144.0,141.75,142.5,378599,-0.0010514819691700428,-0.0010520351641528187
2024-05-22,CDR.WA,142.64999389648438,148.9499969482422,141.5,145.0,620697,0.01754385964912286,0.01739174271186924
2024-05-23,CDR.WA,145.0,145.0,140.6999969482422,142.14999389648438,444037,-0.01965521450700436,-0.019850947260714843
2024-05-24,CDR.WA,141.10000610351562,141.89999389648438,137.25,139.39999389648438,375094,-0.01934576235017349,-0.019535340617623742
2024-05-27,CDR.WA,139.39999389648438,141.39999389648438,138.5,139.75,202270,0.0025108042958419396,0.0025076574929727407
2024-05-28,CDR.WA,139.8000030517578,141.5,138.8000030517578,139.1999969482422,431776,-0.003935621121701649,-0.003943386058436962
2024-05-29,CDR.WA,142.0,143.0,129.5,130.3000030517578,1269988,-0.06393673916382059,-0.06607221842496082
2024-05-31,CDR.WA,130.39999389648438,132.25,126.5,130.3000030517578,926449,0.0,0.0
2024-06-03,CDR.WA,131.5,135.6999969482422,131.0,134.25,523314,0.030314634349418723,0.02986422583716326
2024-06-04,CDR.WA,133.5,135.1999969482422,132.0500030517578,132.39999389648438,458703,-0.01378030617143855,-0.01387613598512791
2024-06-05,CDR.WA,132.5,133.5500030517578,131.5500030517578,133.1999969482422,321197,0.006042319400583196,0.006024137791347738
2024-06-06,CDR.WA,134.5,135.0,132.5,132.5,225198,-0.005255232464563719,-0.005269089768916936
2024-06-07,CDR.WA,132.5,137.6999969482422,131.9499969482422,134.85000610351562,374299,0.01773589512087259,0.017580449420978424
2024-06-10,CDR.WA,134.9499969482422,135.25,132.39999389648438,134.0,231884,-0.0063033449391401986,-0.006323294896343968
2024-06-11,CDR.WA,135.0,137.5500030517578,133.25,134.4499969482422,386672,0.003358186180911771,0.003352560065874859
2024-06-12,CDR.WA,134.5,136.14999389648438,131.0500030517578,135.0,378973,0.004090762843003581,0.004082418421643156
2024-06-13,CDR.WA,134.0500030517578,135.8000030517578,132.0,132.9499969482422,243228,-0.015185207790798572,-0.015301683703577705
2024-06-14,CDR.WA,131.5,134.60000610351562,130.8000030517578,133.8000030517578,326457,0.006393427025399134,0.006373075767630458
2024-06-17,CDR.WA,133.8000030517578,137.4499969482422,133.8000030517578,136.0500030517578,313802,0.016816143114209314,0.01667631715792183
2024-06-18,CDR.WA,136.25,137.9499969482422,135.5,136.1999969482422,430326,0.0011024909453865028,0.001101883648562688
2024-06-19,CDR.WA,136.0,138.5500030517578,135.8000030517578,138.1999969482422,274191,0.014684288141063817,0.014577517942418686
2024-06-20,CDR.WA,137.60000610351562,138.39999389648438,135.39999389648438,137.1999969482422,292176,-0.007235890174256077,-0.007262196202733577
2024-06-21,CDR.WA,136.75,138.64999389648438,135.6999969482422,135.9499969482422,646749,-0.009110787374664087,-0.009152544417820855
2024-06-24,CDR.WA,136.0,143.5,136.0,143.14999389648438,535196,0.05296062603799334,0.05160584027608908
2024-06-25,CDR.WA,143.0,145.39999389648438,140.89999389648438,143.8000030517578,370858,0.004540755731666124,0.004530477602263929
2024-06-26,CDR.WA,143.85000610351562,144.9499969482422,141.1999969482422,141.39999389648438,288938,-0.0166899103222522,-0.01683075621160377
2024-06-27,CDR.WA,141.39999389648438,141.6999969482422,136.60000610351562,138.5,438876,-0.020509151496904576,-0.020722384670187034
2024-06-28,CDR.WA,138.5,139.5500030517578,137.25,138.9499969482422,284590,0.003249075438571669,0.0032438085981266783
2024-07-01,CDR.WA,139.85000610351562,140.0,137.10000610351562,138.3000030517578,219249,-0.004677897882405135,-0.004688873488590709
2024-07-02,CDR.WA,139.0,140.39999389648438,137.0,138.85000610351562,213920,0.003976883872894632,0.003968996973498941
2024-07-03,CDR.WA,140.0,142.8000030517578,139.25,142.75,235771,0.028087819409794212,0.02770059082569135
2024-07-04,CDR.WA,143.0,143.25,140.35000610351562,142.0,139965,-0.005253940455341555,-0.005267790934858916
2024-07-05,CDR.WA,142.0,145.60000610351562,142.0,145.0,352760,0.021126760563380254,0.020906684819313643
2024-07-08,CDR.WA,144.6999969482422,146.89999389648438,143.5,146.3000030517578,219658,0.008965538287984964,0.008925586465092658
2024-07-09,CDR.WA,146.1999969482422,148.10000610351562,145.5,147.39999389648438,296137,0.007518734256877657,0.0074906094617282655
2024-07-10,CDR.WA,147.39999389648438,149.9499969482422,146.35000610351562,147.64999389648438,418633,0.001696065199131347,0.0016946285048069297
2024-07-11,CDR.WA,147.8000030517578,150.60000610351562,147.64999389648438,150.0,291454,0.0159160596048733,0.015790727244053504
2024-07-12,CDR.WA,150.14999389648438,159.14999389648438,149.25,158.5500030517578,773133,0.05700002034505203,0.055434726136020955
2024-07-15,CDR.WA,158.25,164.0,156.60000610351562,163.8000030517578,582917,0.033112582144108504,0.032576169817692104
2024-07-16,CDR.WA,163.5,163.6999969482422,157.5500030517578,160.5,577198,-0.020146538402170067,-0.0203522474798984
2024-07-17,CDR.WA,160.0,164.5,158.3000030517578,159.8000030517578,550084,-0.004361351702443561,-0.004370890140538445
2024-07-18,CDR.WA,161.0,163.0,158.10000610351562,161.8000030517578,294915,0.012515644316678953,0.012437971056155815
2024-07-19,CDR.WA,160.0,161.1999969482422,157.14999389648438,157.5,355432,-0.02657603813754128,-0.026935565220000113
2024-07-22,CDR.WA,157.5,159.0,150.5500030517578,157.5,305767,0.0,0.0
2024-07-23,CDR.WA,157.5,159.0500030517578,155.5,157.3000030517578,215293,-0.0012698218936011418,-0.00127062880057964
2024-07-24,CDR.WA,156.5,159.0500030517578,155.1999969482422,156.1999969482422,247530,-0.006993045659087982,-0.0070176115970246415
2024-07-25,CDR.WA,152.39999389648438,159.0,150.60000610351562,157.25,337436,0.006722170757184731,0.006699677712466541
2024-07-26,CDR.WA,157.25,158.9499969482422,155.10000610351562,155.4499969482422,151590,-0.01144676026555047,-0.011512778707551909
2024-07-29,CDR.WA,156.39999389648438,159.0500030517578,155.75,158.6999969482422,299421,0.02090704447605818,0.020691491429637394
2024-07-30,CDR.WA,158.5,160.39999389648438,155.5500030517578,155.5500030517578,319134,-0.019848733188770673,-0.020048365339845765
2024-07-31,CDR.WA,157.3000030517578,159.1999969482422,156.60000610351562,159.0500030517578,237815,0.022500803158682192,0.022251394419775024
2024-08-01,CDR.WA,157.4499969482422,161.75,154.75,160.10000610351562,332120,0.006601716640119326,0.006580020743249491
2024-08-02,CDR.WA,157.89999389648438,158.8000030517578,155.5500030517578,157.39999389648438,336898,-0.016864535316041818,-0.017008360919612404
2024-08-05,CDR.WA,149.9499969482422,153.35000610351562,145.0,151.4499969482422,1097279,-0.03780176098453514,-0.03853477988322166
2024-08-06,CDR.WA,151.8000030517578,153.1999969482422,148.89999389648438,150.4499969482422,810641,-0.006602839353913925,-0.006624734531125372
2024-08-07,CDR.WA,151.0,157.1999969482422,150.5,156.8000030517578,431601,0.042206754618281384,0.041340344587193996
2024-08-08,CDR.WA,156.0,163.8000030517578,154.25,163.6999969482422,746881,0.044005062258874794,0.04306433835565926
2024-08-09,CDR.WA,163.6999969482422,165.60000610351562,161.75,164.0500030517578,490669,0.0021380947467353195,0.002135812275010496
2024-08-12,CDR.WA,164.0,170.5,163.0500030517578,170.4499969482422,548717,0.039012458259236826,0.038270702670070385
2024-08-13,CDR.WA,170.5,172.8000030517578,168.0,171.8000030517578,451904,0.007920247155683846,0.00788904663379937
2024-08-14,CDR.WA,171.5,175.4499969482422,171.5,174.3000030517578,677825,0.014551804165258586,0.014446942721037824
2024-08-16,CDR.WA,175.0,181.60000610351562,174.0,179.85000610351562,599636,0.03184166927472609,0.03134523404370738
2024-08-19,CDR.WA,178.89999389648438,181.10000610351562,178.14999389648438,179.85000610351562,328555,0.0,0.0
2024-08-20,CDR.WA,179.85000610351562,180.10000610351562,170.0,175.3000030517578,392563,-0.025298876271035442,-0.025624394742371954
2024-08-21,CDR.WA,175.3000030517578,180.3000030517578,175.0,179.60000610351562,243304,0.024529395190530767,0.024233380516077555
2024-08-22,CDR.WA,180.0,187.0,179.39999389648438,185.0,405828,0.030066780139038407,0.029623635226286082
2024-08-23,CDR.WA,185.0,186.60000610351562,181.1999969482422,181.4499969482422,270648,-0.019189205685177346,-0.01937570823797149
2024-08-26,CDR.WA,181.4499969482422,182.8000030517578,178.1999969482422,180.1999969482422,149185,-0.006888950239864466,-0.006912788601508878
2024-08-27,CDR.WA,179.39999389648438,180.9499969482422,177.64999389648438,179.39999389648438,258011,-0.0044395286642961995,-0.004449412635975472
2024-08-28,CDR.WA,179.35000610351562,180.5,177.3000030517578,180.0,274034,0.003344515740963949,0.0033389352873414565
2024-08-29,CDR.WA,180.0,182.1999969482422,172.0,181.10000610351562,493346,0.00611114501953125,0.006092547701617411
2024-08-30,CDR.WA,180.0,185.5,177.60000610351562,183.10000610351562,527822,0.01104362193591979,0.010983086422965565
2024-09-02,CDR.WA,183.10000610351562,183.1999969482422,179.14999389648438,181.39999389648438,233328,-0.00928461032420802,-0.009327980980481144
2024-09-03,CDR.WA,181.1999969482422,182.9499969482422,175.5,176.35000610351562,330569,-0.02783896341171055,-0.028233812742012962
2024-09-04,CDR.WA,175.0,177.5,172.75,177.35000610351562,286690,0.0056705413404578575,0.005654524342417557
2024-09-05,CDR.WA,177.0,178.39999389648438,174.10000610351562,174.64999389648438,180996,-0.015224201376431323,-0.015341279329002946
2024-09-06,CDR.WA,173.10000610351562,175.1999969482422,167.1999969482422,170.75,339256,-0.022330340869040732,-0.022583437854814554
2024-09-09,CDR.WA,168.0,169.5500030517578,164.14999389648438,166.1999969482422,589594,-0.026647162821421988,-0.02700863439151211
2024-09-10,CDR.WA,165.8000030517578,166.35000610351562,160.5,162.1999969482422,655917,-0.02406738913025175,-0.02436174119285796
2024-09-11,CDR.WA,162.0,167.25,161.8000030517578,164.6999969482422,262773,0.015413070573593979,0.015295495787873734
2024-09-12,CDR.WA,167.9499969482422,171.0,165.89999389648438,167.75,349982,0.018518537390843415,0.01834915719738808
2024-09-13,CDR.WA,169.0,170.9499969482422,168.1999969482422,170.0,339283,0.013412816691505292,0.013323661198470664
2024-09-16,CDR.WA,170.0,174.25,169.75,172.89999389648438,248018,0.01705878762637858,0.016914920338140085
2024-09-17,CDR.WA,173.75,177.0,173.39999389648438,176.39999389648438,232807,0.020242915694349106,0.02004075158385972
2024-09-18,CDR.WA,177.0,177.8000030517578,172.5,176.35000610351562,216791,-0.0002833775209657441,-0.0002834176799623889
2024-09-19,CDR.WA,176.4499969482422,180.10000610351562,175.4499969482422,177.8000030517578,287095,0.008222267638545278,0.008188648951497042
2024-09-20,CDR.WA,176.1999969482422,177.8000030517578,173.5500030517578,175.6999969482422,897195,-0.01181105774730673,-0.011881362419884406
2024-09-23,CDR.WA,175.6999969482422,175.6999969482422,165.25,167.60000610351562,528469,-0.04610125774283691,-0.04719775335877223
2024-09-24,CDR.WA,168.0,171.9499969482422,166.25,171.5500030517578,288599,0.023568000026220393,0.02329456262863874
2024-09-25,CDR.WA,171.5,172.3000030517578,169.0,172.10000610351562,296240,0.003206080104771969,0.0032009515886515395
2024-09-26,CDR.WA,172.60000610351562,175.75,171.0,171.85000610351562,295868,-0.0014526437602194742,-0.0014536998700580102
2024-09-27,CDR.WA,170.0,175.0,169.5,174.25,161866,0.013965631720948002,0.013869010828261275
2024-09-30,CDR.WA,173.14999389648438,177.3000030517578,173.14999389648438,174.14999389648438,341530,-0.0005739231191714822,-0.0005740878760863928
2024-10-01,CDR.WA,174.3000030517578,175.35000610351562,171.5,171.60000610351562,261610,-0.014642479944526832,-0.014750739142412716
2024-10-02,CDR.WA,171.6999969482422,173.0,169.0500030517578,169.6999969482422,252354,-0.011072314030847297,-0.011134068365205373
2024-10-03,CDR.WA,167.75,171.85000610351562,164.5,167.8000030517578,268261,-0.01119619287361484,-0.011259342036946987
2024-10-04,CDR.WA,168.0,172.0,168.0,170.5,402929,0.016090565549092162,0.015962484503589645
2024-10-07,CDR.WA,171.8000030517578,173.35000610351562,167.9499969482422,168.75,184464,-0.01026392961876832,-0.010316966970932267
2024-10-08,CDR.WA,167.5,170.85000610351562,167.1999969482422,170.85000610351562,250904,0.012444480613425846,0.01236768453307195
2024-10-09,CDR.WA,170.3000030517578,173.35000610351562,168.89999389648438,171.60000610351562,268502,0.0043898154709201,0.004380208336422951
2024-10-10,CDR.WA,171.10000610351562,172.14999389648438,168.0,168.5500030517578,245708,-0.017773909925841935,-0.017933762836114937
2024-10-11,CDR.WA,168.5500030517578,169.6999969482422,156.75,161.14999389648438,803224,-0.04390393961014094,-0.04489688939932103
2024-10-14,CDR.WA,162.14999389648438,164.0,159.60000610351562,160.75,283855,-0.0024821216980083216,-0.0024852072689694493
2024-10-15,CDR.WA,160.75,165.4499969482422,160.4499969482422,165.0,309317,0.026438569206842955,0.02609511078285187
2024-10-16,CDR.WA,164.60000610351562,164.9499969482422,160.9499969482422,164.9499969482422,216380,-0.00030304879853215727,-0.00030309472709860215
2024-10-17,CDR.WA,164.89999389648438,164.89999389648438,157.64999389648438,159.5,220489,-0.03304029735721836,-0.03359845694858268
2024-10-18,CDR.WA,157.60000610351562,160.60000610351562,152.0,160.4499969482422,332890,0.005956093719386768,0.0059384263109738475
2024-10-21,CDR.WA,160.4499969482422,161.35000610351562,155.3000030517578,156.39999389648438,237582,-0.025241527758110616,-0.025565559449699158
2024-10-22,CDR.WA,156.0500030517578,160.0,155.85000610351562,158.60000610351562,392406,0.014066574762703343,0.01396855859827793
2024-10-23,CDR.WA,158.64999389648438,161.10000610351562,158.0500030517578,161.10000610351562,254997,0.015762924992375416,0.01563998038497898
2024-10-24,CDR.WA,159.89999389648438,161.0,158.0500030517578,159.3000030517578,201921,-0.011173202877479804,-0.01123609199612877
2024-10-25,CDR.WA,159.35000610351562,160.0,157.4499969482422,158.6999969482422,199292,-0.0037665165851922255,-0.0037736277706667894
2024-10-28,CDR.WA,159.10000610351562,161.39999389648438,158.89999389648438,161.0,150810,0.01449277313160846,0.014388756681827762
2024-10-29,CDR.WA,160.5,162.8000030517578,159.6999969482422,162.8000030517578,199776,0.011180143178620039,0.011118107329417945
2024-10-30,CDR.WA,162.8000030517578,163.64999389648438,159.35000610351562,160.9499969482422,197295,-0.011363673641501482,-0.01142873352996979
2024-10-31,CDR.WA,159.0,161.1999969482422,156.5500030517578,160.75,314535,-0.0012426029949320627,-0.0012433756661823009
2024-11-04,CDR.WA,161.0,161.8000030517578,157.60000610351562,160.60000610351562,331127,-0.0009330880030131716,-0.0009335236006121979
2024-11-05,CDR.WA,161.8000030517578,163.1999969482422,159.3000030517578,161.4499969482422,202230,0.005292595345100404,0.005278638784982251
2024-11-06,CDR.WA,160.6999969482422,161.9499969482422,158.85000610351562,159.64999389648438,229351,-0.011148981640023536,-0.011211597371910548
2024-11-07,CDR.WA,160.0,163.0,159.89999389648438,163.0,180619,0.020983440222914984,0.02076631987657412
2024-11-08,CDR.WA,163.0,164.60000610351562,160.5,161.0,197927,-0.012269938650306789,-0.012345835822299379
2024-11-12,CDR.WA,161.0,162.3000030517578,159.5500030517578,161.39999389648438,173537,0.002484434139654601,0.0024813530353028704
2024-11-13,CDR.WA,161.39999389648438,161.39999389648438,156.6999969482422,158.5,298741,-0.017967744771690164,-0.018131124702430505
2024-11-14,CDR.WA,158.75,161.85000610351562,158.1999969482422,161.85000610351562,193776,0.021135685195682097,0.020915424765857178
2024-11-15,CDR.WA,161.89999389648438,162.0,155.85000610351562,155.85000610351562,248275,-0.03707136097457131,-0.037775972707090565
2024-11-18,CDR.WA,155.6999969482422,159.25,155.1999969482422,156.25,184641,0.0025665311570068905,0.0025632432404089746
2024-11-19,CDR.WA,157.25,157.64999389648438,150.3000030517578,153.60000610351562,243572,-0.016959960937499963,-0.01710542816650999
2024-11-20,CDR.WA,153.10000610351562,159.14999389648438,153.0,158.0,254542,0.028645792458621866,0.028243172576965857
2024-11-21,CDR.WA,159.14999389648438,160.8000030517578,157.0500030517578,160.0,260379,0.012658227848101333,0.012578782206860185
2024-11-22,CDR.WA,160.75,161.85000610351562,157.0,160.85000610351562,327118,0.005312538146972745,0.005298476396595584
2024-11-25,CDR.WA,161.39999389648438,166.14999389648438,161.39999389648438,165.5500030517578,605191,0.029219749890575075,0.028800990796887815
2024-11-26,CDR.WA,166.25,172.35000610351562,165.0,172.1999969482422,404809,0.04016909558379966,0.03938329184414937
2024-11-27,CDR.WA,172.1999969482422,173.0,158.0,164.60000610351562,801468,-0.04413467467720611,-0.04513824894759379
2024-11-28,CDR.WA,165.9499969482422,168.39999389648438,163.5500030517578,164.8000030517578,244593,0.00121504824317209,0.0012143106694534503
2024-11-29,CDR.WA,164.8000030517578,168.4499969482422,164.6999969482422,167.1999969482422,263151,0.014563069490542535,0.014458046405141986
2024-12-02,CDR.WA,168.75,170.5,167.4499969482422,170.1999969482422,197783,0.01794258405954796,0.017783515810390605
2024-12-03,CDR.WA,170.1999969482422,179.4499969482422,170.0,179.4499969482422,584973,0.05434782706143593,0.05292240237859102
2024-12-04,CDR.WA,179.4499969482422,183.3000030517578,177.3000030517578,179.89999389648438,599687,0.002507645337948894,0.002504506441775556
2024-12-05,CDR.WA,180.25,193.0,180.25,193.0,641582,0.07281826874909991,0.07028908187566738
2024-12-06,CDR.WA,193.0,200.0,191.8000030517578,199.85000610351562,853412,0.03549225960370794,0.03487692679293004
2024-12-09,CDR.WA,199.85000610351562,202.0,191.10000610351562,194.3000030517578,545507,-0.027770842543197616,-0.02816374360799919
2024-12-10,CDR.WA,194.10000610351562,196.6999969482422,188.10000610351562,194.0,451480,-0.0015440197995153504,-0.0015452130264882122
2024-12-11,CDR.WA,194.0,195.9499969482422,192.0,195.60000610351562,352976,0.008247454141833144,0.00821362974145598
2024-12-12,CDR.WA,195.64999389648438,196.60000610351562,183.5500030517578,191.0,624000,-0.023517412883316657,-0.023798360758154266
2024-12-13,CDR.WA,200.0,202.0,178.25,183.60000610351562,1085245,-0.038743423541803046,-0.039513916616691215
2024-12-16,CDR.WA,184.5,190.0,184.0500030517578,189.3000030517578,250392,0.031045733980141987,0.030573562906615767
2024-12-17,CDR.WA,189.0,192.89999389648438,186.6999969482422,189.4499969482422,353135,0.0007923607716127101,0.000792047019542131
2024-12-18,CDR.WA,189.4499969482422,195.5,189.4499969482422,191.89999389648438,500533,0.012932156176869825,0.01284924985184778
2024-12-19,CDR.WA,190.0,192.89999389648438,187.8000030517578,188.6999969482422,299693,-0.016675336373217164,-0.01681593500597745
2024-12-20,CDR.WA,188.0,188.6999969482422,182.85000610351562,187.3000030517578,805200,-0.007419151664683765,-0.007446810458502947
2024-12-23,CDR.WA,187.3000030517578,189.35000610351562,186.14999389648438,187.3000030517578,169889,0.0,0.0
2024-12-27,CDR.WA,187.3000030517578,191.14999389648438,184.0,190.5500030517578,238569,0.017351841682041513,0.01720301759192755
2024-12-30,CDR.WA,190.5500030517578,194.10000610351562,188.75,191.4499969482422,196230,0.004723137665024968,0.004712018647677753
